Provinsi,Kabupaten_Kota,Jumlah_Penduduk,Rata_Lama_Sekolah,Angka_Partisipasi_Sekolah,Angka_Pengangguran,Persentase_Rumah_Layak,Akses_Air_Bersih,PDRB_per_Kapita,Kategori_Wilayah,Tingkat_Kesejahteraan
Nusa Tenggara Barat,Mataram,1453556,10.0,95.3,9.3,94.9,79.7,47.5,Perkotaan,Tinggi
DKI Jakarta,Jakarta Utara,1275850,10.7,92.0,7.1,99.9,84.6,126.1,Perkotaan,Tinggi
Bali,Tabanan,56814,6.5,74.5,2.2,58.8,67.9,59.9,Perdesaan,Sedang
Jawa Barat,Bandung,1805668,11.2,85.3,7.4,69.9,69.0,42.9,Perkotaan,Tinggi
Sumatera Selatan,Palembang,2936706,7.8,83.9,2.5,77.7,95.5,59.1,Perkotaan,Tinggi
Banten,Tangerang,155907,5.3,82.5,4.8,49.9,57.7,52.6,Perdesaan,Sedang
Nusa Tenggara Timur,Maumere,688720,4.0,62.4,7.1,51.1,47.7,33.8,Perdesaan,Rendah
Nusa Tenggara Timur,Maumere,1660140,9.9,73.3,9.1,72.5,72.5,69.5,Perkotaan,Sedang
Jawa Timur,Madiun,379963,6.9,84.9,6.7,45.5,67.7,41.4,Perdesaan,Sedang
Nusa Tenggara Timur,Maumere,2751931,6.7,85.5,3.4,96.2,81.0,72.8,Perkotaan,Tinggi
Papua,Jayapura,210265,4.0,60.4,6.2,41.7,30.4,33.8,Perdesaan,Rendah
Kalimantan Timur,Balikpapan,62038,6.2,75.3,7.1,44.0,65.9,21.4,Perdesaan,Sedang
Banten,Tangerang Selatan,313611,12.9,88.5,5.8,96.7,97.7,94.8,Perkotaan,Tinggi
Maluku,Masohi,2979948,7.5,81.8,8.0,74.2,92.3,42.0,Perkotaan,Sedang
Kalimantan Barat,Pontianak,2349360,13.4,93.7,9.4,72.0,89.0,61.5,Perkotaan,Tinggi
Kalimantan Barat,Pontianak,2338391,11.7,76.8,4.7,83.9,79.6,14.1,Perkotaan,Tinggi
Jawa Tengah,Magelang,2844239,9.1,93.9,2.1,81.0,92.1,71.5,Perkotaan,Tinggi
Nusa Tenggara Barat,Praya,2470870,8.9,93.4,6.5,85.8,79.9,46.1,Perkotaan,Tinggi
DKI Jakarta,Jakarta Utara,546934,7.9,90.9,4.6,60.0,65.9,159.7,Perdesaan,Tinggi
Jawa Timur,Madiun,2695128,9.0,89.9,3.5,86.7,99.7,71.4,Perkotaan,Tinggi
Sumatera Utara,Pematangsiantar,527210,8.0,76.7,8.1,90.9,81.5,88.7,Perkotaan,Tinggi
Jawa Timur,Malang,2181621,10.6,94.9,1.0,89.7,99.9,71.6,Perkotaan,Tinggi
Maluku,Masohi,2567390,10.5,68.4,13.3,61.3,79.6,74.9,Perkotaan,Sedang
Jawa Timur,Blitar,222634,4.0,90.0,3.6,72.4,56.9,39.4,Perdesaan,Sedang
Nusa Tenggara Timur,Maumere,560311,5.7,72.2,10.2,37.4,37.2,15.0,Perdesaan,Rendah
DKI Jakarta,Jakarta Utara,2409107,12.6,88.4,8.8,97.2,91.8,123.9,Perkotaan,Tinggi
Jawa Barat,Tasikmalaya,473389,8.8,86.6,4.1,68.4,58.9,24.3,Perdesaan,Sedang
Bali,Tabanan,264181,5.9,73.4,3.9,60.3,59.6,21.9,Perdesaan,Sedang
Kalimantan Barat,Pontianak,2905330,14.0,91.8,7.6,88.1,88.2,101.3,Perkotaan,Tinggi
Kalimantan Barat,Pontianak,437477,6.1,84.3,2.0,52.7,79.4,32.2,Perdesaan,Sedang
Kalimantan Timur,Samarinda,631542,5.8,86.4,5.2,53.0,67.8,39.7,Perdesaan,Sedang
Kalimantan Timur,Samarinda,2836840,10.3,97.3,4.1,66.9,83.9,54.5,Perkotaan,Tinggi
Kalimantan Barat,Pontianak,2076605,10.2,90.4,5.3,89.6,94.7,53.5,Perkotaan,Tinggi
Sulawesi Selatan,Palopo,638153,7.1,78.1,8.0,40.5,50.4,27.0,Perdesaan,Sedang
Bali,Gianyar,475442,8.9,99.9,7.4,66.0,94.4,46.9,Perkotaan,Tinggi
Jawa Timur,Mojokerto,2648321,11.1,87.9,4.9,81.0,99.9,37.9,Perkotaan,Tinggi
Papua,Jayapura,75990,6.5,80.3,7.5,30.0,43.7,8.0,Perdesaan,Rendah
Jawa Timur,Kediri,753385,9.7,93.1,4.4,86.2,96.5,45.9,Perkotaan,Tinggi
Maluku,Ambon,1110045,7.5,84.9,12.9,77.3,69.3,74.2,Perkotaan,Sedang
Nusa Tenggara Barat,Praya,415765,13.0,99.9,8.8,99.9,89.6,64.5,Perkotaan,Tinggi
Sumatera Selatan,Lubuklinggau,378914,4.0,84.7,8.0,69.2,65.9,39.2,Perdesaan,Sedang
Sumatera Selatan,Palembang,2558431,8.6,78.9,5.9,78.4,72.3,75.4,Perkotaan,Tinggi
Kalimantan Barat,Singkawang,745612,7.9,70.2,3.3,63.2,58.2,43.3,Perdesaan,Sedang
Banten,Cilegon,1890250,8.6,80.4,4.4,79.4,89.8,54.8,Perkotaan,Tinggi
Banten,Cilegon,2732632,9.0,88.7,2.5,90.4,75.8,52.5,Perkotaan,Tinggi
Papua,Timika,655658,8.0,90.7,8.2,67.0,80.6,50.7,Perkotaan,Sedang
Banten,Cilegon,204511,7.6,78.7,1.0,58.0,72.4,41.9,Perdesaan,Sedang
Nusa Tenggara Barat,Praya,1910522,8.9,92.2,5.9,84.1,90.1,20.7,Perkotaan,Tinggi
Jawa Barat,Cirebon,1037722,10.8,83.3,2.9,87.8,93.5,50.0,Perkotaan,Tinggi
Jawa Tengah,Pekalongan,636075,4.0,69.7,6.7,46.3,63.2,17.5,Perdesaan,Rendah
Maluku,Masohi,967556,8.4,75.2,8.9,77.5,66.2,29.1,Perkotaan,Sedang
Kalimantan Timur,Balikpapan,337936,4.3,81.5,4.2,64.0,67.6,31.2,Perdesaan,Sedang
Jawa Tengah,Solo,940911,9.9,89.9,3.4,91.9,85.3,61.9,Perkotaan,Tinggi
Sumatera Selatan,Pagar Alam,662451,6.8,77.6,6.4,46.1,46.1,40.2,Perdesaan,Sedang
Banten,Tangerang Selatan,489375,4.1,75.7,5.6,34.7,58.6,35.9,Perdesaan,Rendah
Sulawesi Selatan,Makassar,1995827,9.5,80.7,12.1,71.4,73.0,45.7,Perkotaan,Sedang
Bali,Denpasar,2097732,11.1,97.0,8.3,88.0,91.7,72.3,Perkotaan,Tinggi
Papua,Merauke,2068171,8.5,84.5,12.1,71.5,82.4,55.0,Perkotaan,Sedang
Nusa Tenggara Barat,Mataram,733414,6.9,78.4,4.1,74.1,60.7,27.4,Perdesaan,Sedang
Sulawesi Selatan,Palopo,1214209,8.9,93.0,3.7,95.0,99.9,47.8,Perkotaan,Tinggi
Papua,Jayapura,163349,4.0,61.5,2.1,30.0,36.5,29.8,Perdesaan,Rendah
Jawa Timur,Surabaya,2930845,10.1,99.9,4.8,99.4,94.9,21.5,Perkotaan,Tinggi
Bali,Denpasar,2096747,9.7,90.1,5.8,83.7,81.9,66.2,Perkotaan,Tinggi
Sumatera Selatan,Lubuklinggau,532071,6.1,71.8,3.3,30.0,63.2,62.0,Perdesaan,Sedang
Kalimantan Timur,Balikpapan,2785018,9.7,99.9,6.5,81.3,94.4,44.9,Perkotaan,Tinggi
Sulawesi Selatan,Palopo,447399,5.6,84.0,2.7,65.3,61.2,44.2,Perdesaan,Sedang
Banten,Serang,2466891,10.6,91.2,5.5,73.6,90.6,24.4,Perkotaan,Tinggi
Nusa Tenggara Barat,Praya,372323,10.9,94.3,5.2,77.0,82.1,43.9,Perkotaan,Tinggi
Kalimantan Timur,Balikpapan,2608496,8.9,99.9,5.8,92.5,93.8,64.0,Perkotaan,Tinggi
Jawa Barat,Tasikmalaya,1076574,10.9,99.9,5.4,98.2,90.7,28.1,Perkotaan,Tinggi
Jawa Barat,Cirebon,1254133,9.2,95.9,5.7,80.0,92.6,56.9,Perkotaan,Tinggi
Banten,Cilegon,564723,6.7,78.6,3.4,66.1,53.8,67.8,Perdesaan,Sedang
Banten,Tangerang Selatan,574070,9.5,93.4,5.4,82.6,96.1,75.7,Perkotaan,Tinggi
Banten,Tangerang,174205,5.0,75.8,1.1,47.1,66.3,20.5,Perdesaan,Sedang
Kalimantan Barat,Singkawang,2768453,11.3,91.7,3.5,75.5,88.8,6.5,Perkotaan,Tinggi
Jawa Timur,Mojokerto,640524,10.5,95.1,6.2,85.3,79.8,63.2,Perkotaan,Tinggi
Banten,Tangerang,1485806,9.5,85.7,3.8,64.0,92.6,27.8,Perkotaan,Tinggi
Nusa Tenggara Barat,Mataram,2584060,10.1,95.4,5.9,90.5,99.9,68.0,Perkotaan,Tinggi
Bali,Tabanan,2265861,9.1,83.4,8.8,80.8,86.7,55.3,Perkotaan,Tinggi
DKI Jakarta,Jakarta Timur,2832158,7.5,80.6,8.6,58.5,47.5,107.7,Perdesaan,Sedang
Papua,Timika,654238,7.4,70.5,3.4,42.7,54.4,15.8,Perdesaan,Sedang
Bali,Singaraja,565611,8.2,76.7,2.2,59.8,68.8,40.4,Perdesaan,Sedang
Sumatera Selatan,Pagar Alam,1979618,10.7,85.0,3.9,87.4,80.6,102.5,Perkotaan,Tinggi
Sumatera Selatan,Palembang,618950,6.0,78.5,1.0,53.4,56.4,35.2,Perdesaan,Sedang
DKI Jakarta,Jakarta Selatan,849509,12.4,89.2,5.6,88.2,99.9,125.4,Perkotaan,Tinggi
Jawa Timur,Mojokerto,2610386,11.5,92.5,6.8,99.9,99.9,86.7,Perkotaan,Tinggi
Nusa Tenggara Barat,Mataram,1524156,8.8,91.7,9.6,60.9,90.4,80.3,Perkotaan,Tinggi
Sumatera Selatan,Prabumulih,582929,6.5,74.8,7.9,62.3,69.4,24.2,Perdesaan,Sedang
Papua,Timika,310759,8.2,86.9,1.1,50.8,70.5,55.7,Perkotaan,Sedang
Kalimantan Timur,Balikpapan,2614909,10.1,86.2,10.6,76.7,95.9,53.2,Perkotaan,Tinggi
Sumatera Selatan,Prabumulih,480728,8.9,80.7,2.7,37.5,56.1,49.5,Perdesaan,Sedang
Maluku,Masohi,569389,5.8,67.3,9.2,38.1,62.5,26.0,Perdesaan,Rendah
Jawa Barat,Cimahi,66093,6.2,71.9,3.2,50.2,44.3,42.5,Perdesaan,Sedang
Sumatera Utara,Pematangsiantar,394525,8.3,68.5,2.4,61.0,62.4,10.2,Perdesaan,Sedang
Maluku,Masohi,586977,8.7,91.1,8.6,77.0,93.7,84.8,Perkotaan,Tinggi
Papua,Timika,155389,4.0,71.2,7.6,38.3,51.9,12.4,Perdesaan,Rendah
Sumatera Utara,Pematangsiantar,2527873,8.1,96.8,6.7,90.6,83.9,42.5,Perkotaan,Tinggi
Nusa Tenggara Barat,Mataram,2745938,11.0,97.2,6.0,92.7,99.9,57.1,Perkotaan,Tinggi
Kalimantan Barat,Singkawang,215649,9.7,84.5,6.1,54.3,76.9,29.6,Perdesaan,Sedang
Sulawesi Selatan,Parepare,1913520,10.4,89.7,4.3,91.4,86.5,84.7,Perkotaan,Tinggi
DKI Jakarta,Jakarta Timur,2673678,12.7,84.2,11.4,89.4,89.5,92.2,Perkotaan,Tinggi
Kalimantan Barat,Singkawang,291296,5.4,74.5,1.7,44.5,59.4,13.5,Perdesaan,Sedang
Nusa Tenggara Barat,Praya,708765,8.2,82.8,8.3,59.3,72.5,38.0,Perdesaan,Sedang
Jawa Tengah,Semarang,392589,6.5,74.3,6.1,64.2,74.7,31.7,Perdesaan,Sedang
Kalimantan Barat,Singkawang,319452,9.6,70.6,6.0,53.3,74.9,15.3,Perdesaan,Sedang
Sulawesi Selatan,Makassar,1246296,11.5,84.6,12.5,81.7,92.6,37.0,Perkotaan,Tinggi
Papua,Merauke,2550547,9.5,86.0,9.0,62.2,66.6,74.4,Perkotaan,Sedang
Sumatera Utara,Medan,544379,9.6,80.0,1.0,46.6,65.5,40.3,Perdesaan,Sedang
Maluku,Tual,366869,4.6,65.6,7.7,40.8,54.0,17.9,Perdesaan,Rendah
Jawa Timur,Madiun,2202719,7.5,99.9,5.0,73.2,79.0,38.2,Perkotaan,Tinggi
Kalimantan Barat,Singkawang,563117,4.0,68.6,3.3,70.0,66.8,50.9,Perdesaan,Sedang
Jawa Timur,Kediri,1840714,6.0,87.4,4.4,92.8,91.5,64.5,Perkotaan,Tinggi
Maluku,Tual,1189636,7.2,75.7,13.4,72.4,75.2,65.4,Perkotaan,Sedang
Bali,Gianyar,2624515,10.3,96.0,7.5,78.5,99.9,89.4,Perkotaan,Tinggi
DKI Jakarta,Jakarta Barat,906865,9.4,77.4,4.4,58.4,67.8,122.1,Perdesaan,Sedang
Sumatera Utara,Binjai,366190,10.2,93.7,5.8,72.8,89.8,32.3,Perkotaan,Tinggi
Papua,Merauke,757405,7.5,83.3,6.0,59.3,84.9,39.1,Perkotaan,Sedang
Banten,Tangerang Selatan,82663,8.1,80.6,1.0,63.8,47.5,37.0,Perdesaan,Sedang
Jawa Barat,Bandung,922157,11.1,93.9,3.9,75.6,78.2,112.6,Perkotaan,Tinggi
Kalimantan Timur,Balikpapan,2839344,7.6,96.5,8.7,94.6,97.3,37.4,Perkotaan,Tinggi
Maluku,Ambon,1258371,6.1,87.8,5.7,79.6,72.3,71.0,Perkotaan,Sedang
Banten,Serang,770184,7.0,77.0,4.5,51.1,75.8,49.0,Perdesaan,Sedang
Papua,Jayapura,2759812,10.4,79.9,7.8,61.0,88.3,21.0,Perkotaan,Sedang
Sumatera Selatan,Palembang,679575,6.2,80.6,2.6,54.7,49.6,38.2,Perdesaan,Sedang
Sumatera Utara,Tebing Tinggi,1468399,7.6,87.1,9.8,62.6,94.6,29.9,Perkotaan,Sedang
Nusa Tenggara Barat,Praya,1421757,11.2,92.9,6.4,62.5,87.0,65.2,Perkotaan,Tinggi
Jawa Tengah,Tegal,122965,7.8,84.6,8.1,58.2,66.8,50.3,Perdesaan,Sedang
Sumatera Utara,Binjai,1660560,10.3,84.3,6.7,86.7,96.1,78.2,Perkotaan,Tinggi
Nusa Tenggara Barat,Mataram,2078446,8.4,92.6,5.4,99.9,96.4,68.9,Perkotaan,Tinggi
Banten,Tangerang Selatan,1593604,11.4,93.7,5.7,84.3,88.3,68.1,Perkotaan,Tinggi
Jawa Tengah,Magelang,803250,12.5,92.5,7.1,93.7,87.3,32.4,Perkotaan,Tinggi
Maluku,Masohi,125576,4.0,74.0,4.4,44.3,56.1,20.9,Perdesaan,Rendah
Sumatera Selatan,Pagar Alam,487983,6.1,83.9,5.5,53.7,73.4,29.6,Perdesaan,Sedang
Nusa Tenggara Timur,Ende,744022,8.6,90.0,6.5,68.5,72.3,71.9,Perkotaan,Tinggi
Sumatera Utara,Binjai,2955936,11.4,96.7,7.9,79.8,87.9,18.4,Perkotaan,Tinggi
Maluku,Ambon,914231,8.5,85.7,11.4,83.8,92.5,77.4,Perkotaan,Tinggi
Nusa Tenggara Barat,Bima,2664477,10.1,85.5,8.9,79.1,82.6,34.0,Perkotaan,Tinggi
Maluku,Masohi,2144498,10.0,84.7,8.3,77.6,83.9,63.2,Perkotaan,Tinggi
Banten,Tangerang Selatan,538614,9.2,95.6,1.8,63.3,99.1,69.4,Perkotaan,Tinggi
Sumatera Selatan,Pagar Alam,472061,7.4,95.4,4.7,77.8,85.5,56.7,Perkotaan,Tinggi
DKI Jakarta,Jakarta Timur,1740482,11.6,91.7,5.6,90.8,83.5,70.8,Perkotaan,Tinggi
Kalimantan Timur,Bontang,431574,5.6,81.5,2.1,59.9,53.5,19.7,Perdesaan,Sedang
Nusa Tenggara Barat,Bima,696386,8.6,89.9,5.9,99.9,99.9,49.0,Perkotaan,Tinggi
Jawa Tengah,Magelang,893193,11.1,89.4,4.0,72.8,98.7,77.8,Perkotaan,Tinggi
Jawa Barat,Depok,2999006,10.7,81.4,3.7,68.5,89.1,24.7,Perkotaan,Tinggi
Kalimantan Timur,Samarinda,493973,6.2,77.9,1.8,77.9,57.6,56.4,Perdesaan,Sedang
Jawa Timur,Malang,212471,9.1,83.4,7.5,65.2,73.5,8.2,Perdesaan,Sedang
DKI Jakarta,Jakarta Barat,2892211,8.5,82.3,6.5,79.1,66.9,93.9,Perdesaan,Tinggi
Jawa Tengah,Kudus,2023265,8.4,99.2,9.4,82.4,90.2,20.0,Perkotaan,Tinggi
Jawa Timur,Madiun,2267194,10.8,89.8,4.6,73.3,77.2,67.5,Perkotaan,Tinggi
Papua,Merauke,2055990,11.2,79.7,9.4,64.8,75.0,83.6,Perkotaan,Tinggi
Maluku,Tual,730292,8.1,75.0,9.7,73.0,79.7,73.5,Perkotaan,Sedang
Kalimantan Timur,Samarinda,146168,7.5,76.6,1.8,57.8,67.6,35.8,Perdesaan,Sedang
Kalimantan Timur,Balikpapan,642278,9.7,93.0,10.3,76.9,81.7,26.4,Perkotaan,Tinggi
Jawa Tengah,Semarang,2281619,9.7,88.9,5.2,74.5,93.2,55.3,Perkotaan,Tinggi
Banten,Cilegon,625462,8.4,75.0,1.0,63.0,65.3,42.6,Perdesaan,Sedang
Jawa Timur,Blitar,703064,5.8,78.8,6.8,47.4,74.6,36.9,Perdesaan,Sedang
Jawa Timur,Mojokerto,2100358,11.4,92.1,4.5,82.2,85.2,33.8,Perkotaan,Tinggi
Sumatera Utara,Medan,620511,4.0,77.2,1.7,51.7,53.8,39.0,Perdesaan,Sedang
Sumatera Utara,Tebing Tinggi,424440,6.8,72.6,3.6,41.0,66.8,10.8,Perdesaan,Sedang
Sumatera Utara,Binjai,2590147,8.9,99.3,7.8,71.7,99.1,52.3,Perkotaan,Tinggi
Jawa Tengah,Solo,2219647,11.0,92.9,7.3,64.9,87.2,70.8,Perkotaan,Tinggi
Sumatera Selatan,Pagar Alam,1101545,9.3,99.9,9.5,89.3,87.9,90.5,Perkotaan,Tinggi
Sumatera Selatan,Pagar Alam,455426,6.0,81.3,3.1,46.1,66.8,23.7,Perdesaan,Sedang
Jawa Barat,Tasikmalaya,2106097,7.8,85.3,3.9,82.5,99.9,69.2,Perkotaan,Tinggi
Banten,Tangerang Selatan,496815,7.3,83.6,1.0,60.3,74.4,24.1,Perdesaan,Sedang
Sumatera Selatan,Lubuklinggau,110144,8.4,81.9,1.1,68.6,56.5,5.0,Perdesaan,Sedang
Jawa Tengah,Tegal,509457,7.0,78.5,4.4,45.6,57.3,48.0,Perdesaan,Sedang
Bali,Gianyar,438984,4.7,85.3,1.3,49.5,55.7,48.0,Perdesaan,Sedang
Jawa Timur,Surabaya,1080342,8.5,92.0,4.2,82.1,89.4,76.7,Perkotaan,Tinggi
Bali,Tabanan,565060,6.7,81.1,5.4,57.8,58.7,5.0,Perdesaan,Sedang
Papua,Timika,385112,4.0,59.8,5.0,37.4,48.6,21.9,Perdesaan,Rendah
Nusa Tenggara Timur,Maumere,429052,4.2,67.8,7.4,45.2,50.5,16.4,Perdesaan,Rendah
Kalimantan Timur,Bontang,2613774,12.1,99.9,8.3,89.0,88.1,32.7,Perkotaan,Tinggi
Sumatera Selatan,Pagar Alam,127333,7.4,81.7,6.5,60.0,60.8,34.1,Perdesaan,Sedang
Maluku,Masohi,240802,5.1,64.9,2.0,39.6,54.7,10.6,Perdesaan,Rendah
Banten,Cilegon,1245690,8.0,99.9,9.8,73.1,90.0,83.4,Perkotaan,Tinggi
Kalimantan Timur,Balikpapan,1570138,9.5,90.2,3.9,74.6,85.7,49.1,Perkotaan,Tinggi
Bali,Tabanan,640996,9.4,81.1,9.3,66.9,65.8,23.3,Perdesaan,Sedang
Jawa Timur,Madiun,2980123,13.1,94.4,2.6,81.0,88.1,69.2,Perkotaan,Tinggi
Papua,Timika,2202301,9.0,82.9,6.3,74.3,78.1,81.2,Perkotaan,Tinggi
Sumatera Utara,Tebing Tinggi,412147,7.3,77.5,1.8,64.3,61.2,50.3,Perdesaan,Sedang
Banten,Tangerang Selatan,706057,13.4,96.5,7.7,77.2,99.9,45.0,Perkotaan,Tinggi
Maluku,Tual,377905,5.3,71.3,9.8,39.7,56.8,12.3,Perdesaan,Rendah
Jawa Barat,Bogor,1309689,10.3,97.5,8.8,88.6,98.6,35.4,Perkotaan,Tinggi
Sulawesi Selatan,Parepare,750875,7.2,97.2,5.4,68.2,84.6,70.1,Perkotaan,Tinggi
Bali,Gianyar,1510483,11.6,95.2,6.2,76.9,99.9,52.9,Perkotaan,Tinggi
Jawa Barat,Bekasi,463037,4.0,90.6,1.8,51.6,71.7,51.0,Perdesaan,Sedang
Sumatera Selatan,Palembang,874772,9.4,81.5,4.6,84.3,93.4,48.2,Perkotaan,Tinggi
Kalimantan Barat,Singkawang,2885790,9.9,87.0,3.6,99.9,77.7,48.7,Perkotaan,Tinggi
Banten,Tangerang Selatan,436251,6.1,80.5,2.1,59.3,78.1,16.9,Perdesaan,Sedang
Nusa Tenggara Barat,Mataram,1413715,12.6,89.8,6.5,72.0,88.1,29.0,Perkotaan,Tinggi
Jawa Tengah,Tegal,699840,6.7,72.2,4.8,48.3,53.8,24.7,Perdesaan,Sedang
Jawa Timur,Surabaya,2056491,11.3,99.5,2.3,94.2,99.9,35.5,Perkotaan,Tinggi
Nusa Tenggara Timur,Maumere,879159,6.6,81.1,11.9,69.9,60.7,90.0,Perkotaan,Sedang
Sulawesi Selatan,Palopo,1785987,8.6,81.2,4.1,68.6,89.2,77.9,Perkotaan,Tinggi
Jawa Timur,Kediri,1243160,14.0,85.9,6.5,69.5,86.6,33.4,Perkotaan,Tinggi
Sulawesi Selatan,Parepare,1446964,9.5,99.6,1.0,79.3,84.2,66.3,Perkotaan,Tinggi
Papua,Jayapura,1506409,9.1,81.3,12.2,63.3,74.9,41.1,Perkotaan,Sedang
Maluku,Masohi,2657274,8.2,78.9,6.5,61.2,75.6,84.7,Perkotaan,Sedang
Kalimantan Timur,Samarinda,105040,7.6,81.2,1.0,57.6,78.4,64.5,Perdesaan,Sedang
Kalimantan Barat,Pontianak,2295228,9.0,92.6,8.1,83.0,79.4,20.3,Perkotaan,Tinggi
Jawa Barat,Tasikmalaya,2544591,9.8,80.3,11.5,90.2,76.7,73.8,Perkotaan,Tinggi
Kalimantan Barat,Pontianak,466278,6.7,74.3,4.0,34.7,64.5,39.0,Perdesaan,Sedang
Banten,Tangerang,401317,5.5,95.6,1.2,51.9,79.5,24.0,Perdesaan,Sedang
Sulawesi Selatan,Parepare,772474,8.8,99.9,3.6,72.2,97.2,56.6,Perkotaan,Tinggi
Banten,Cilegon,2979010,12.2,85.2,4.9,84.6,87.5,43.8,Perkotaan,Tinggi
Jawa Tengah,Pekalongan,1340384,11.5,92.3,4.1,87.6,84.9,78.2,Perkotaan,Tinggi
Bali,Denpasar,1808070,9.8,90.0,7.6,90.8,82.2,68.2,Perkotaan,Tinggi
Kalimantan Barat,Singkawang,719737,7.6,75.5,2.7,50.4,68.1,41.4,Perdesaan,Sedang
Nusa Tenggara Timur,Maumere,2603656,10.7,76.7,10.5,52.3,75.9,24.9,Perkotaan,Sedang
Bali,Denpasar,2515318,9.8,89.7,5.2,83.6,80.9,48.0,Perkotaan,Tinggi
Bali,Gianyar,2482470,7.9,95.2,5.4,73.7,97.0,42.1,Perkotaan,Tinggi
DKI Jakarta,Jakarta Timur,2042416,10.5,92.6,1.6,97.2,88.7,110.2,Perkotaan,Tinggi
Maluku,Ambon,656403,6.4,70.8,6.0,30.0,65.8,23.5,Perdesaan,Rendah
Kalimantan Barat,Singkawang,2014912,10.3,94.9,3.5,72.4,97.5,50.6,Perkotaan,Tinggi
Kalimantan Barat,Singkawang,1883334,8.4,98.4,4.4,74.4,85.8,39.8,Perkotaan,Tinggi
Jawa Tengah,Tegal,834132,9.9,87.8,6.5,85.0,86.4,83.6,Perkotaan,Tinggi
Kalimantan Timur,Balikpapan,1263280,10.0,97.5,5.1,99.9,89.4,45.3,Perkotaan,Tinggi
Papua,Timika,365623,8.5,84.2,6.7,63.9,67.4,19.2,Perkotaan,Sedang
Jawa Timur,Mojokerto,2141143,10.1,96.2,6.6,82.4,83.4,54.6,Perkotaan,Tinggi
Maluku,Masohi,2722104,6.7,76.8,8.1,77.7,82.3,78.0,Perkotaan,Sedang
Jawa Timur,Blitar,555674,8.1,89.2,5.9,78.8,85.6,32.0,Perkotaan,Tinggi
DKI Jakarta,Jakarta Barat,1898678,7.8,72.9,2.8,65.9,55.4,153.5,Perdesaan,Sedang
Sulawesi Selatan,Makassar,365344,7.0,75.4,3.2,55.8,57.9,43.1,Perdesaan,Sedang
Kalimantan Timur,Samarinda,1369529,10.6,99.9,10.3,75.9,99.9,72.6,Perkotaan,Tinggi
Jawa Timur,Surabaya,2837425,7.6,84.6,7.6,99.9,88.4,29.7,Perkotaan,Tinggi
Sulawesi Selatan,Makassar,399138,5.4,90.4,4.4,61.3,64.3,10.2,Perdesaan,Sedang
Papua,Merauke,779417,4.2,65.5,9.7,33.6,51.3,11.2,Perdesaan,Rendah
Kalimantan Timur,Bontang,1397068,8.0,99.9,1.6,88.8,87.7,21.6,Perkotaan,Tinggi
Sumatera Utara,Binjai,2036148,12.9,95.4,6.0,83.2,80.0,46.3,Perkotaan,Tinggi
Nusa Tenggara Timur,Ende,1122887,7.8,87.1,10.5,59.8,68.1,29.9,Perkotaan,Sedang
Banten,Tangerang Selatan,722865,6.4,71.3,3.7,45.7,71.4,49.5,Perdesaan,Sedang
Jawa Tengah,Tegal,111585,4.0,76.3,8.1,63.3,65.9,35.5,Perdesaan,Sedang
Jawa Tengah,Kudus,933464,11.8,92.4,3.6,94.9,84.5,31.0,Perkotaan,Tinggi
Sulawesi Selatan,Palopo,327734,8.5,90.8,10.0,86.7,83.6,51.3,Perkotaan,Tinggi
Kalimantan Timur,Bontang,237974,7.0,79.7,5.0,60.3,50.5,30.4,Perdesaan,Sedang
Banten,Tangerang Selatan,2003002,8.9,93.1,5.3,77.0,91.5,47.8,Perkotaan,Tinggi
Maluku,Masohi,148042,4.0,71.3,3.5,42.1,49.0,15.2,Perdesaan,Rendah
Maluku,Tual,397362,4.0,63.2,9.5,46.9,55.3,19.3,Perdesaan,Rendah
Maluku,Masohi,548598,4.5,81.5,6.2,32.6,38.7,15.3,Perdesaan,Rendah
Jawa Tengah,Magelang,1168884,7.9,86.8,5.4,75.2,94.2,60.5,Perkotaan,Tinggi
Jawa Timur,Madiun,458060,5.7,71.3,1.0,65.9,68.1,12.8,Perdesaan,Sedang
Jawa Barat,Cimahi,412659,8.0,80.1,5.2,47.3,67.4,5.0,Perdesaan,Sedang
Sumatera Selatan,Lubuklinggau,1446416,10.3,85.6,6.4,97.6,86.4,64.0,Perkotaan,Tinggi
Bali,Singaraja,2894663,9.7,96.3,7.8,88.5,79.8,79.0,Perkotaan,Tinggi
Jawa Tengah,Kudus,1812886,10.1,92.4,5.2,93.8,89.5,65.6,Perkotaan,Tinggi
Jawa Tengah,Pekalongan,2626748,9.3,91.8,8.7,91.8,78.5,35.0,Perkotaan,Tinggi
Maluku,Tual,2035645,8.0,83.6,13.4,57.4,85.3,51.4,Perkotaan,Sedang
Jawa Tengah,Kudus,882337,9.9,96.7,6.9,89.8,88.9,71.7,Perkotaan,Tinggi
Papua,Jayapura,1334273,8.2,75.1,6.9,62.6,75.6,56.8,Perkotaan,Sedang
Sumatera Selatan,Lubuklinggau,448343,6.9,72.9,1.7,70.8,78.7,5.0,Perdesaan,Sedang
Jawa Tengah,Magelang,1142432,9.1,92.5,4.2,90.2,88.9,26.8,Perkotaan,Tinggi
Bali,Gianyar,1475664,10.6,86.5,8.4,93.5,81.6,41.2,Perkotaan,Tinggi
Nusa Tenggara Barat,Praya,2236183,11.0,90.6,7.4,67.0,99.9,71.3,Perkotaan,Tinggi
Papua,Merauke,195939,4.3,64.7,4.8,30.0,50.8,15.3,Perdesaan,Rendah
Bali,Singaraja,2541299,6.6,91.4,4.9,73.3,91.9,36.7,Perkotaan,Sedang
Kalimantan Barat,Pontianak,1341156,9.2,87.3,5.5,82.6,99.9,51.9,Perkotaan,Tinggi
Sumatera Selatan,Lubuklinggau,501365,7.0,79.7,4.7,71.3,53.6,26.8,Perdesaan,Sedang
Jawa Timur,Blitar,2242227,10.3,84.1,3.7,85.0,93.7,56.4,Perkotaan,Tinggi
Sumatera Selatan,Palembang,894228,9.2,96.5,6.6,73.1,87.9,62.4,Perkotaan,Tinggi
Nusa Tenggara Timur,Maumere,581749,7.7,92.4,12.6,82.9,67.8,30.9,Perkotaan,Sedang
Jawa Tengah,Kudus,1031709,8.7,90.3,3.5,90.0,93.3,28.1,Perkotaan,Tinggi
Jawa Tengah,Kudus,464798,8.5,79.5,5.1,67.7,55.4,50.1,Perdesaan,Sedang
Jawa Timur,Kediri,115602,4.1,73.0,1.7,52.8,66.3,42.0,Perdesaan,Sedang
Nusa Tenggara Barat,Bima,2980615,9.4,97.5,5.0,88.1,84.7,72.7,Perkotaan,Tinggi
Jawa Tengah,Kudus,361893,8.2,74.1,3.0,47.3,65.3,42.5,Perdesaan,Sedang
Sumatera Utara,Binjai,2054221,8.4,87.5,3.4,90.4,72.5,44.6,Perkotaan,Tinggi
Kalimantan Barat,Pontianak,2353707,9.8,95.7,7.9,73.4,99.9,18.2,Perkotaan,Tinggi
Sulawesi Selatan,Makassar,1910378,11.7,90.4,2.2,85.5,76.8,74.4,Perkotaan,Tinggi
Sulawesi Selatan,Makassar,429439,10.3,87.9,7.7,86.5,86.6,88.8,Perkotaan,Tinggi
Bali,Singaraja,774841,8.9,89.9,1.0,76.8,77.0,46.2,Perkotaan,Tinggi
Papua,Timika,1216631,9.2,81.8,11.0,55.4,66.0,127.9,Perkotaan,Sedang
Sulawesi Selatan,Parepare,664833,5.6,99.2,6.3,77.7,94.0,30.3,Perkotaan,Tinggi
Sumatera Utara,Pematangsiantar,883993,10.6,81.3,7.1,72.8,79.4,49.6,Perkotaan,Tinggi
Jawa Tengah,Magelang,356849,6.2,82.6,8.6,32.4,63.5,28.9,Perdesaan,Sedang
Papua,Merauke,340794,5.5,65.7,8.3,34.3,46.4,5.2,Perdesaan,Rendah
Papua,Timika,896311,7.5,79.8,6.6,75.6,64.0,24.3,Perkotaan,Sedang
Jawa Barat,Bogor,1466963,9.0,80.4,3.2,88.2,76.0,35.1,Perkotaan,Tinggi
Maluku,Masohi,2222875,7.0,75.0,11.6,55.6,58.2,86.5,Perkotaan,Sedang
Maluku,Ambon,1654194,9.1,77.2,6.1,63.9,67.7,56.7,Perkotaan,Sedang
Nusa Tenggara Barat,Mataram,2926387,10.4,85.5,9.5,98.9,89.7,55.3,Perkotaan,Tinggi
Sumatera Selatan,Prabumulih,188320,7.4,74.6,7.6,40.5,71.3,42.8,Perdesaan,Sedang
Jawa Barat,Depok,730432,7.3,83.2,2.7,69.6,66.2,56.8,Perdesaan,Sedang
Nusa Tenggara Timur,Kupang,2299872,10.3,85.8,6.3,68.7,82.3,55.9,Perkotaan,Tinggi
Jawa Barat,Cirebon,854382,8.9,92.6,9.8,94.6,96.1,66.6,Perkotaan,Tinggi
Banten,Cilegon,858455,8.6,85.0,8.9,90.4,86.3,47.3,Perkotaan,Tinggi
Sumatera Utara,Binjai,208727,8.3,74.0,2.4,57.5,68.5,30.0,Perdesaan,Sedang
Jawa Barat,Cimahi,418611,7.8,76.8,5.3,61.2,73.8,44.6,Perdesaan,Sedang
Bali,Tabanan,774016,9.4,80.0,5.2,50.2,61.0,29.0,Perdesaan,Sedang
Sumatera Selatan,Lubuklinggau,300967,5.8,78.1,1.0,55.0,43.3,27.7,Perdesaan,Sedang
Sumatera Utara,Tebing Tinggi,2683960,8.3,95.6,7.3,95.0,93.1,54.4,Perkotaan,Tinggi
Bali,Denpasar,1204891,10.5,92.5,6.7,73.5,83.5,38.0,Perkotaan,Tinggi
Sumatera Selatan,Pagar Alam,136431,5.3,72.2,4.6,58.4,80.8,51.1,Perdesaan,Sedang
Papua,Jayapura,1938846,6.3,76.7,6.9,58.4,71.8,74.9,Perkotaan,Sedang
Maluku,Ambon,661602,9.2,80.6,8.4,67.8,69.1,29.7,Perkotaan,Sedang
Jawa Tengah,Semarang,875507,9.7,88.6,8.9,81.5,92.6,23.7,Perkotaan,Tinggi
Jawa Tengah,Magelang,1427279,9.9,89.0,7.8,79.7,81.2,65.5,Perkotaan,Tinggi
Banten,Tangerang,2442374,8.9,97.4,3.8,81.1,89.9,64.3,Perkotaan,Tinggi
Bali,Denpasar,2434166,13.0,92.2,6.8,85.2,78.2,88.9,Perkotaan,Tinggi
Jawa Tengah,Semarang,2058962,10.2,96.5,7.9,80.6,94.8,31.9,Perkotaan,Tinggi
Jawa Barat,Cimahi,105230,7.7,87.8,10.2,52.1,73.1,42.0,Perdesaan,Sedang
Banten,Serang,2619833,8.6,93.5,4.9,99.9,89.6,40.1,Perkotaan,Tinggi
Sumatera Utara,Pematangsiantar,254915,6.3,70.5,4.4,49.5,66.6,33.6,Perdesaan,Sedang
Kalimantan Timur,Balikpapan,777146,9.1,67.7,7.7,55.1,72.5,15.4,Perdesaan,Sedang
Jawa Barat,Bekasi,1298947,6.7,99.4,7.4,84.0,89.6,60.9,Perkotaan,Tinggi
Jawa Timur,Madiun,1862344,7.6,94.6,3.4,79.2,84.8,39.8,Perkotaan,Tinggi
Bali,Denpasar,848230,10.1,96.7,4.2,99.9,86.0,23.9,Perkotaan,Tinggi
Sumatera Utara,Pematangsiantar,613261,10.8,90.9,6.2,80.2,96.9,68.5,Perkotaan,Tinggi
Sumatera Utara,Pematangsiantar,1802766,11.0,91.1,5.3,92.3,93.4,63.0,Perkotaan,Tinggi
Nusa Tenggara Barat,Bima,780729,5.7,75.5,4.9,50.6,59.9,5.0,Perdesaan,Sedang
Sumatera Selatan,Palembang,322804,6.9,74.6,8.7,49.2,55.5,28.5,Perdesaan,Sedang
Jawa Barat,Bogor,886334,10.4,93.5,6.3,78.0,92.6,74.2,Perkotaan,Tinggi
Nusa Tenggara Barat,Praya,138121,5.5,75.7,4.2,53.1,80.9,47.8,Perdesaan,Sedang
Sulawesi Selatan,Makassar,1690621,12.6,99.9,11.4,92.1,78.3,68.1,Perkotaan,Tinggi
Sulawesi Selatan,Makassar,2089558,10.5,95.7,6.8,92.5,91.6,51.4,Perkotaan,Tinggi
Bali,Gianyar,573125,4.9,82.0,5.9,58.0,68.5,42.6,Perdesaan,Sedang
Kalimantan Barat,Pontianak,620065,7.8,60.6,4.5,45.8,56.1,30.2,Perdesaan,Sedang
Kalimantan Barat,Singkawang,1054202,12.0,93.3,10.5,88.3,87.2,90.7,Perkotaan,Tinggi
Sulawesi Selatan,Palopo,2749427,14.0,92.0,9.0,93.6,88.5,91.6,Perkotaan,Tinggi
Kalimantan Barat,Pontianak,280069,4.0,70.2,1.0,70.1,69.9,34.5,Perdesaan,Sedang
Jawa Timur,Madiun,1804845,10.3,91.3,4.1,61.9,80.5,45.0,Perkotaan,Tinggi
Jawa Timur,Blitar,1036338,9.3,92.2,6.2,92.0,89.7,54.9,Perkotaan,Tinggi
Kalimantan Barat,Pontianak,407311,5.8,64.8,5.2,47.7,75.5,37.7,Perdesaan,Sedang
Kalimantan Barat,Pontianak,601860,8.9,66.3,1.0,72.0,62.1,39.2,Perdesaan,Sedang
Banten,Serang,960619,9.8,85.6,4.1,76.1,84.9,83.6,Perkotaan,Tinggi
Kalimantan Timur,Bontang,693520,6.7,73.8,2.7,51.7,60.7,56.5,Perdesaan,Sedang
Jawa Tengah,Solo,786109,7.9,76.1,10.5,54.1,75.6,39.1,Perdesaan,Sedang
Kalimantan Barat,Pontianak,159167,7.3,76.7,3.9,47.6,69.8,34.0,Perdesaan,Sedang
Kalimantan Barat,Pontianak,752571,4.5,68.4,2.1,57.6,65.0,40.6,Perdesaan,Sedang
Banten,Tangerang,100486,4.7,84.4,9.1,51.0,57.2,35.6,Perdesaan,Sedang
Kalimantan Timur,Balikpapan,2311123,10.5,84.4,6.1,77.9,76.3,65.8,Perkotaan,Tinggi
DKI Jakarta,Jakarta Barat,1395248,11.6,91.3,7.2,99.9,88.9,105.0,Perkotaan,Tinggi
Kalimantan Barat,Pontianak,2873812,11.8,86.2,2.7,91.1,83.3,41.7,Perkotaan,Tinggi
DKI Jakarta,Jakarta Utara,1096851,9.4,96.1,8.8,87.4,86.4,115.8,Perkotaan,Tinggi
Jawa Barat,Bandung,2605452,10.5,89.1,4.3,93.1,86.7,83.3,Perkotaan,Tinggi
Bali,Singaraja,407943,10.6,99.9,8.8,83.4,99.9,78.3,Perkotaan,Tinggi
Sulawesi Selatan,Parepare,327877,8.1,82.1,6.1,74.1,59.1,46.9,Perdesaan,Sedang
Banten,Tangerang Selatan,1248928,11.0,85.4,8.2,97.6,99.8,72.0,Perkotaan,Tinggi
Papua,Timika,2773491,8.6,84.1,6.7,77.9,86.9,48.5,Perkotaan,Tinggi
Kalimantan Barat,Singkawang,1288354,9.4,92.4,9.2,75.9,72.8,54.4,Perkotaan,Tinggi
Papua,Timika,700403,7.2,79.7,1.2,47.7,52.7,22.2,Perdesaan,Sedang
Jawa Timur,Malang,628701,11.6,91.5,9.5,84.8,93.1,41.7,Perkotaan,Tinggi
Kalimantan Barat,Pontianak,2633560,8.9,95.2,5.5,95.9,99.8,29.9,Perkotaan,Tinggi
Bali,Singaraja,927645,11.2,98.4,6.3,61.3,99.2,43.3,Perkotaan,Tinggi
Jawa Barat,Cirebon,2546609,12.2,83.6,5.7,99.5,81.9,45.1,Perkotaan,Tinggi
Jawa Tengah,Magelang,2893105,8.2,86.2,11.1,90.1,87.1,67.8,Perkotaan,Tinggi
Nusa Tenggara Timur,Ende,440532,7.7,69.4,6.3,47.7,37.7,18.6,Perdesaan,Sedang
Jawa Barat,Cirebon,1560306,11.6,91.0,6.9,78.0,80.0,69.4,Perkotaan,Tinggi
Jawa Timur,Blitar,2007796,9.9,81.9,9.1,71.3,85.3,53.9,Perkotaan,Tinggi
Banten,Tangerang Selatan,2499015,10.3,91.0,7.7,99.9,93.1,42.1,Perkotaan,Tinggi
Sulawesi Selatan,Makassar,788862,7.0,83.5,1.5,57.2,75.7,24.5,Perdesaan,Sedang
Jawa Timur,Kediri,2171093,11.3,99.9,4.0,80.2,98.8,91.3,Perkotaan,Tinggi
Nusa Tenggara Timur,Maumere,415135,7.8,84.3,3.2,58.6,82.2,32.4,Perkotaan,Sedang
Nusa Tenggara Barat,Mataram,2017597,7.0,91.0,9.7,81.9,85.8,56.7,Perkotaan,Tinggi
Jawa Tengah,Tegal,284639,6.5,88.8,1.8,79.6,59.8,22.7,Perdesaan,Sedang
Sumatera Selatan,Lubuklinggau,1215235,7.8,93.9,7.1,76.0,97.7,69.4,Perkotaan,Tinggi
Nusa Tenggara Barat,Bima,2790462,9.0,88.8,6.7,87.3,99.9,52.9,Perkotaan,Tinggi
Maluku,Tual,1553220,9.2,88.7,9.1,73.4,84.1,26.5,Perkotaan,Tinggi
Sumatera Selatan,Lubuklinggau,76691,4.0,60.8,3.8,65.4,63.4,37.6,Perdesaan,Sedang
Nusa Tenggara Timur,Maumere,409836,4.8,63.8,2.7,36.2,59.9,12.2,Perdesaan,Rendah
Kalimantan Timur,Balikpapan,739558,7.2,75.3,5.1,58.0,64.2,62.2,Perdesaan,Sedang
Papua,Jayapura,401936,4.4,64.5,7.8,60.0,35.3,25.0,Perdesaan,Rendah
Sumatera Utara,Tebing Tinggi,2245153,11.0,86.6,8.2,75.1,92.9,52.4,Perkotaan,Tinggi
Kalimantan Barat,Pontianak,1900836,8.5,90.8,7.0,80.9,97.3,54.1,Perkotaan,Tinggi
Bali,Singaraja,1056471,10.3,85.2,4.9,80.4,89.5,53.5,Perkotaan,Tinggi
Banten,Cilegon,226795,5.7,76.4,5.0,38.0,70.9,46.6,Perdesaan,Sedang
Sumatera Selatan,Pagar Alam,2302361,9.7,93.1,6.8,94.2,97.0,56.6,Perkotaan,Tinggi
Maluku,Masohi,317296,7.7,78.8,8.2,61.4,80.4,69.3,Perkotaan,Sedang
Bali,Tabanan,491756,9.6,96.7,5.5,71.7,81.2,90.6,Perkotaan,Tinggi
Jawa Tengah,Magelang,563989,5.9,81.0,9.3,47.8,60.3,41.2,Perdesaan,Sedang
Nusa Tenggara Timur,Kupang,391910,7.7,80.0,6.6,80.8,90.9,64.5,Perkotaan,Tinggi
Banten,Tangerang,501160,8.9,84.6,9.8,86.9,83.2,64.8,Perkotaan,Tinggi
Kalimantan Timur,Balikpapan,942261,10.6,99.9,8.6,85.6,97.8,69.4,Perkotaan,Tinggi
Bali,Gianyar,740042,7.9,91.4,5.1,99.9,79.0,55.4,Perkotaan,Tinggi
Papua,Merauke,261469,4.0,72.8,8.7,50.7,60.3,12.3,Perdesaan,Rendah
Sulawesi Selatan,Parepare,353474,8.5,80.5,7.9,72.2,92.1,62.0,Perkotaan,Tinggi
Kalimantan Timur,Samarinda,156210,8.3,73.1,1.0,62.4,64.8,39.8,Perdesaan,Sedang
Maluku,Ambon,354681,4.0,74.9,5.9,42.2,60.0,6.2,Perdesaan,Rendah
DKI Jakarta,Jakarta Selatan,1015180,6.0,89.2,5.9,60.8,64.2,110.8,Perdesaan,Sedang
Sumatera Utara,Binjai,1978771,11.2,90.9,2.3,97.8,93.6,27.5,Perkotaan,Tinggi
Papua,Jayapura,545980,11.4,80.7,13.4,83.3,64.7,57.8,Perkotaan,Tinggi
Sulawesi Selatan,Makassar,426018,4.2,70.3,6.9,44.0,72.1,24.2,Perdesaan,Rendah
Sulawesi Selatan,Makassar,512094,7.6,79.3,2.5,69.4,59.0,12.0,Perdesaan,Sedang
Bali,Gianyar,752382,7.8,72.8,2.7,42.2,53.2,44.9,Perdesaan,Sedang
Sulawesi Selatan,Parepare,722561,4.4,85.6,1.0,44.4,75.8,42.2,Perdesaan,Sedang
Jawa Tengah,Tegal,569920,6.9,76.3,2.1,55.4,67.5,34.1,Perdesaan,Sedang
Jawa Timur,Madiun,472866,6.7,75.8,1.0,59.5,73.0,44.3,Perdesaan,Sedang
Sumatera Utara,Medan,735111,8.0,78.7,7.1,57.8,71.5,11.4,Perdesaan,Sedang
Bali,Tabanan,639648,7.1,86.6,6.3,52.1,70.4,38.6,Perdesaan,Sedang
Sulawesi Selatan,Parepare,2899453,8.1,86.4,4.2,93.3,99.6,71.9,Perkotaan,Tinggi
DKI Jakarta,Jakarta Barat,2957767,12.2,90.9,2.1,90.9,94.6,133.4,Perkotaan,Tinggi
Jawa Tengah,Kudus,479088,8.1,83.1,6.2,76.3,58.1,45.3,Perdesaan,Sedang
Papua,Jayapura,163000,5.0,66.2,4.5,30.0,62.1,28.3,Perdesaan,Rendah
Sulawesi Selatan,Palopo,2414757,11.2,97.3,5.2,84.4,99.9,39.9,Perkotaan,Tinggi
Sulawesi Selatan,Palopo,235810,6.2,74.5,4.5,50.7,59.0,17.9,Perdesaan,Sedang
Sumatera Utara,Pematangsiantar,2854304,12.2,86.9,5.0,99.9,98.6,51.0,Perkotaan,Tinggi
Jawa Tengah,Solo,2448719,9.3,99.9,8.5,72.9,99.9,43.8,Perkotaan,Tinggi
Jawa Timur,Malang,354694,5.2,65.5,6.6,66.7,69.9,33.5,Perdesaan,Sedang
Kalimantan Timur,Bontang,794858,7.5,81.7,1.0,56.6,60.9,21.5,Perdesaan,Sedang
Nusa Tenggara Timur,Maumere,2071616,9.2,75.2,10.4,70.9,72.4,43.3,Perkotaan,Sedang
Papua,Jayapura,766586,5.0,79.5,6.2,32.2,50.0,16.2,Perdesaan,Rendah
Maluku,Tual,2656716,10.1,74.6,7.3,67.2,78.1,20.0,Perkotaan,Sedang
Banten,Tangerang,456380,4.2,83.3,1.4,31.1,77.5,43.2,Perdesaan,Sedang
Jawa Timur,Madiun,514586,8.1,66.4,3.0,41.1,65.3,16.1,Perdesaan,Sedang
Bali,Gianyar,252897,6.2,81.6,3.3,49.1,69.4,51.0,Perdesaan,Sedang
Sumatera Selatan,Palembang,2634543,9.9,95.5,6.2,84.1,71.6,64.9,Perkotaan,Tinggi
DKI Jakarta,Jakarta Selatan,2803497,10.8,82.4,1.2,53.2,54.6,131.5,Perdesaan,Tinggi
Sumatera Utara,Medan,383299,4.0,75.6,1.0,52.7,70.4,50.8,Perdesaan,Sedang
Sumatera Selatan,Palembang,1194870,9.3,87.4,4.3,99.9,83.3,39.6,Perkotaan,Tinggi
Kalimantan Timur,Bontang,1751259,6.9,96.4,3.4,75.9,99.9,47.3,Perkotaan,Tinggi
Sumatera Utara,Pematangsiantar,168881,5.1,82.9,2.9,76.5,68.4,21.9,Perdesaan,Sedang
Papua,Timika,483927,7.9,90.3,8.6,73.7,92.6,85.3,Perkotaan,Tinggi
Papua,Timika,2929547,10.5,85.6,9.7,50.2,71.7,59.3,Perkotaan,Sedang
Kalimantan Timur,Bontang,506379,4.3,66.7,4.0,49.2,58.1,38.4,Perdesaan,Rendah
Jawa Barat,Bandung,1356578,8.2,89.2,6.3,92.7,81.4,73.2,Perkotaan,Tinggi
Sumatera Selatan,Lubuklinggau,796210,7.9,90.1,2.9,73.6,79.3,39.1,Perkotaan,Tinggi
Jawa Barat,Depok,161291,5.9,86.8,2.4,50.0,72.0,28.5,Perdesaan,Sedang
Maluku,Masohi,955668,7.7,81.3,5.5,81.3,55.5,40.6,Perkotaan,Sedang
Jawa Tengah,Magelang,729414,4.0,88.5,1.0,50.8,65.6,36.1,Perdesaan,Sedang
Bali,Singaraja,657047,9.2,99.9,7.9,79.8,80.2,70.0,Perkotaan,Tinggi
Kalimantan Timur,Samarinda,1226051,9.2,88.9,8.8,94.8,87.6,52.3,Perkotaan,Tinggi
Papua,Timika,2605460,10.5,86.0,9.0,76.6,57.8,31.1,Perkotaan,Tinggi
Sumatera Utara,Binjai,295925,8.2,82.9,5.8,49.9,54.5,41.3,Perdesaan,Sedang
Banten,Cilegon,1828796,11.3,77.8,7.1,92.6,92.8,24.2,Perkotaan,Tinggi
Nusa Tenggara Barat,Bima,1807793,11.6,99.3,8.0,77.3,85.7,68.2,Perkotaan,Tinggi
Kalimantan Timur,Samarinda,2844380,11.1,94.4,8.4,66.3,94.3,85.7,Perkotaan,Tinggi
Nusa Tenggara Barat,Mataram,69535,7.7,71.1,5.3,42.9,65.7,24.7,Perdesaan,Sedang
DKI Jakarta,Jakarta Pusat,2563569,8.4,93.8,4.8,98.3,91.8,97.8,Perkotaan,Tinggi
Banten,Cilegon,2440823,11.2,95.1,7.8,85.5,99.9,42.3,Perkotaan,Tinggi
Nusa Tenggara Barat,Mataram,197189,5.6,79.2,7.5,50.4,77.8,30.1,Perdesaan,Sedang
Sulawesi Selatan,Parepare,2345319,10.1,96.7,6.4,99.8,75.9,51.0,Perkotaan,Tinggi
Sumatera Selatan,Pagar Alam,98693,8.6,80.2,9.2,70.9,60.7,26.1,Perdesaan,Sedang
Nusa Tenggara Timur,Ende,2691425,9.5,89.8,6.6,80.9,79.9,34.3,Perkotaan,Tinggi
Sumatera Selatan,Prabumulih,1780161,10.6,87.0,7.4,64.9,99.9,56.7,Perkotaan,Tinggi
Sulawesi Selatan,Makassar,2458142,9.4,88.8,6.9,93.7,89.2,45.2,Perkotaan,Tinggi
Jawa Timur,Blitar,168844,4.8,78.8,4.4,60.8,65.9,32.2,Perdesaan,Sedang
DKI Jakarta,Jakarta Selatan,975824,12.2,97.4,7.1,89.4,99.1,169.1,Perkotaan,Tinggi
Kalimantan Timur,Balikpapan,2663929,8.0,82.6,5.4,66.6,95.3,50.5,Perkotaan,Sedang
Bali,Singaraja,228852,6.8,84.1,6.1,65.3,66.2,14.2,Perdesaan,Sedang
Kalimantan Timur,Balikpapan,1737267,11.8,88.2,8.2,89.1,91.0,57.7,Perkotaan,Tinggi
Kalimantan Timur,Bontang,206826,5.8,75.7,6.8,47.2,72.1,22.2,Perdesaan,Sedang
Papua,Jayapura,846638,10.0,77.7,14.9,70.2,71.3,35.9,Perkotaan,Sedang
Sumatera Selatan,Lubuklinggau,781531,5.4,77.2,5.4,38.3,57.2,48.6,Perdesaan,Sedang
Nusa Tenggara Timur,Maumere,2084631,9.6,87.1,9.5,89.7,71.6,95.0,Perkotaan,Tinggi
Sumatera Selatan,Lubuklinggau,329838,9.3,90.6,9.6,85.7,87.3,38.9,Perkotaan,Tinggi
Sumatera Utara,Medan,2755220,9.9,99.9,3.9,89.4,88.1,84.8,Perkotaan,Tinggi
Papua,Jayapura,2638587,7.1,82.6,7.2,67.4,72.4,72.2,Perkotaan,Sedang
Nusa Tenggara Timur,Ende,741308,5.8,70.9,8.3,30.0,57.7,22.9,Perdesaan,Rendah
Papua,Merauke,693852,4.2,59.1,10.4,61.9,53.5,18.1,Perdesaan,Rendah
Jawa Tengah,Pekalongan,506526,7.5,80.5,1.6,64.9,62.1,5.0,Perdesaan,Sedang
Sumatera Selatan,Lubuklinggau,676495,8.9,81.7,5.3,65.4,80.6,37.0,Perdesaan,Sedang
Kalimantan Barat,Singkawang,2814547,7.7,91.4,3.2,75.1,82.6,77.5,Perkotaan,Tinggi
Jawa Tengah,Semarang,468836,5.6,82.8,1.4,48.8,64.8,29.4,Perdesaan,Sedang
Jawa Barat,Cimahi,2645093,11.2,89.2,8.0,83.2,85.9,46.8,Perkotaan,Tinggi
Kalimantan Barat,Singkawang,1395164,10.8,98.4,3.2,80.7,87.9,63.4,Perkotaan,Tinggi
Kalimantan Timur,Balikpapan,652819,6.5,84.5,1.9,63.0,65.3,48.7,Perdesaan,Sedang
Papua,Merauke,665332,6.1,62.8,6.9,49.8,51.4,13.2,Perdesaan,Rendah
Nusa Tenggara Timur,Kupang,482459,6.7,66.0,11.7,41.2,50.0,21.1,Perdesaan,Rendah
Nusa Tenggara Barat,Praya,129721,5.6,76.7,3.3,61.5,60.5,30.7,Perdesaan,Sedang
Nusa Tenggara Timur,Maumere,249405,4.0,68.0,6.5,30.0,51.4,22.5,Perdesaan,Rendah
Jawa Timur,Madiun,747487,10.4,93.7,8.8,81.8,99.9,56.6,Perkotaan,Tinggi
DKI Jakarta,Jakarta Timur,1622954,6.6,92.8,10.0,80.8,67.0,133.3,Perkotaan,Tinggi
Kalimantan Barat,Singkawang,2718709,11.3,97.3,1.0,96.0,97.2,58.8,Perkotaan,Tinggi
Maluku,Masohi,529404,7.3,66.6,3.3,43.8,55.5,18.4,Perdesaan,Sedang
Bali,Denpasar,2870177,10.6,89.1,5.8,92.9,97.1,50.3,Perkotaan,Tinggi
Jawa Tengah,Pekalongan,2057803,9.6,86.5,7.2,78.6,91.8,64.6,Perkotaan,Tinggi
Bali,Gianyar,333062,7.1,70.8,5.0,49.8,69.1,11.6,Perdesaan,Sedang
Sulawesi Selatan,Makassar,2395465,12.1,99.9,3.9,76.0,86.3,76.2,Perkotaan,Tinggi
Banten,Tangerang,985105,12.6,96.1,2.5,87.1,83.1,60.6,Perkotaan,Tinggi
Sumatera Utara,Tebing Tinggi,1380934,9.1,97.1,3.8,97.1,81.7,38.8,Perkotaan,Tinggi
Nusa Tenggara Barat,Praya,1493735,8.6,99.1,1.9,86.3,96.0,42.5,Perkotaan,Tinggi
Banten,Tangerang Selatan,201884,8.0,71.7,6.4,50.5,58.8,25.1,Perdesaan,Sedang
Kalimantan Barat,Pontianak,1741269,10.2,97.2,5.5,92.6,86.1,42.5,Perkotaan,Tinggi
Sulawesi Selatan,Parepare,596240,8.0,76.7,4.2,57.0,63.4,13.1,Perdesaan,Sedang
Nusa Tenggara Timur,Maumere,270800,5.3,70.4,11.7,48.0,48.2,17.5,Perdesaan,Rendah
Sumatera Selatan,Palembang,2892508,11.2,99.2,7.6,79.3,90.1,71.4,Perkotaan,Tinggi
Nusa Tenggara Barat,Mataram,1015581,12.2,93.6,7.4,78.2,68.5,63.1,Perkotaan,Tinggi
Kalimantan Timur,Balikpapan,866712,12.3,90.2,7.5,97.1,82.3,34.1,Perkotaan,Tinggi
Bali,Singaraja,2982375,6.8,89.2,4.2,85.8,95.8,64.2,Perkotaan,Tinggi
Sumatera Selatan,Lubuklinggau,344274,12.8,92.0,7.3,77.5,89.0,55.5,Perkotaan,Tinggi
Kalimantan Barat,Singkawang,550241,5.7,87.7,5.0,42.1,67.9,16.9,Perdesaan,Sedang
Jawa Timur,Blitar,508339,5.8,80.2,3.8,45.1,60.5,43.1,Perdesaan,Sedang
Sumatera Selatan,Prabumulih,2872015,10.8,83.5,5.1,99.9,93.0,35.8,Perkotaan,Tinggi
Maluku,Ambon,1514650,9.8,86.2,5.3,74.5,68.0,55.9,Perkotaan,Tinggi
Jawa Tengah,Semarang,73205,6.8,80.6,3.5,70.7,64.2,24.2,Perdesaan,Sedang
Jawa Tengah,Semarang,1734086,7.7,97.1,3.6,85.1,89.3,50.2,Perkotaan,Tinggi
Jawa Barat,Cirebon,203184,8.9,81.6,6.5,59.9,70.5,61.9,Perdesaan,Sedang
Maluku,Tual,177885,7.3,66.5,1.9,58.0,50.5,40.6,Perdesaan,Sedang
Jawa Timur,Blitar,148524,4.0,75.7,1.0,57.6,62.3,47.3,Perdesaan,Sedang
Nusa Tenggara Barat,Praya,2605105,8.9,91.4,4.9,79.9,99.9,29.1,Perkotaan,Tinggi
Jawa Timur,Surabaya,2121005,9.6,95.2,5.8,90.0,90.3,52.4,Perkotaan,Tinggi
DKI Jakarta,Jakarta Pusat,2293429,7.2,74.8,4.2,55.5,52.8,130.0,Perdesaan,Sedang
Sumatera Utara,Medan,945580,9.2,81.9,7.3,90.2,99.9,50.9,Perkotaan,Tinggi
Papua,Merauke,510030,5.0,66.8,4.1,51.2,50.0,20.0,Perdesaan,Rendah
Nusa Tenggara Timur,Ende,2576391,8.2,78.3,9.9,78.5,74.3,39.0,Perkotaan,Sedang
Maluku,Masohi,631456,6.0,74.2,2.6,45.8,41.5,16.0,Perdesaan,Sedang
Papua,Timika,1078187,10.0,76.4,6.7,80.5,73.8,61.5,Perkotaan,Tinggi
Kalimantan Timur,Balikpapan,2386872,10.1,88.5,5.5,95.0,88.4,63.1,Perkotaan,Tinggi
Nusa Tenggara Barat,Mataram,844312,10.2,93.4,7.3,89.1,99.9,60.7,Perkotaan,Tinggi
Sumatera Selatan,Pagar Alam,2775901,9.9,97.7,5.2,82.6,95.0,49.2,Perkotaan,Tinggi
Sulawesi Selatan,Makassar,2979810,11.8,94.9,8.4,81.1,81.5,78.0,Perkotaan,Tinggi
Maluku,Masohi,470511,8.2,70.7,10.5,73.3,71.3,53.9,Perkotaan,Sedang
Jawa Timur,Madiun,1110001,8.9,91.3,4.9,80.6,90.0,34.3,Perkotaan,Tinggi
Jawa Barat,Cirebon,425351,5.4,69.7,2.9,57.1,67.7,16.7,Perdesaan,Sedang
Kalimantan Timur,Balikpapan,609835,8.1,77.9,2.7,62.0,72.1,34.3,Perdesaan,Sedang
Sumatera Utara,Pematangsiantar,501504,7.1,73.3,4.2,67.5,57.8,48.4,Perdesaan,Sedang
Nusa Tenggara Timur,Ende,2197517,7.1,84.0,7.9,41.8,67.0,41.3,Perkotaan,Sedang
Kalimantan Barat,Singkawang,1230660,10.3,97.1,6.8,61.3,97.9,14.7,Perkotaan,Tinggi
Kalimantan Timur,Bontang,2697513,10.2,93.4,5.2,89.3,82.9,74.6,Perkotaan,Tinggi
Jawa Timur,Kediri,146369,4.7,74.7,4.2,58.9,60.8,50.4,Perdesaan,Sedang
Sulawesi Selatan,Palopo,149996,5.5,75.1,3.6,42.0,67.4,37.4,Perdesaan,Sedang
Papua,Merauke,2121604,5.9,88.0,10.2,64.8,68.8,32.8,Perkotaan,Sedang
DKI Jakarta,Jakarta Timur,2499423,12.8,93.9,7.7,99.9,90.5,136.3,Perkotaan,Tinggi
Nusa Tenggara Timur,Ende,674041,4.4,66.8,3.0,47.3,54.3,23.1,Perdesaan,Rendah
Sulawesi Selatan,Palopo,624779,6.0,79.5,1.0,54.8,67.9,40.9,Perdesaan,Sedang
Kalimantan Timur,Samarinda,2696334,10.7,99.8,5.8,77.5,99.9,70.1,Perkotaan,Tinggi
Sumatera Utara,Medan,2034688,8.8,94.6,4.6,97.1,96.7,57.6,Perkotaan,Tinggi
Sumatera Utara,Pematangsiantar,511859,9.2,81.1,4.8,64.2,65.8,5.7,Perdesaan,Sedang
Jawa Barat,Tasikmalaya,2904673,12.7,86.6,6.2,83.5,88.7,45.9,Perkotaan,Tinggi
Sulawesi Selatan,Parepare,1176649,9.9,87.9,2.0,80.2,79.3,46.6,Perkotaan,Tinggi
Jawa Tengah,Kudus,69281,4.2,87.1,2.1,53.7,70.0,38.7,Perdesaan,Sedang
Nusa Tenggara Timur,Maumere,2250187,8.4,81.4,7.5,75.1,82.0,31.5,Perkotaan,Sedang
Maluku,Ambon,1921195,8.7,87.8,10.1,69.3,68.6,91.8,Perkotaan,Tinggi
Kalimantan Timur,Samarinda,2399881,11.9,90.4,5.8,82.2,96.0,47.0,Perkotaan,Tinggi
Sulawesi Selatan,Parepare,69264,5.7,82.6,2.7,49.8,74.3,32.6,Perdesaan,Sedang
Papua,Jayapura,455977,7.1,61.0,10.1,42.3,49.1,21.9,Perdesaan,Rendah
Kalimantan Barat,Singkawang,142059,6.3,70.8,1.8,36.7,61.8,20.6,Perdesaan,Sedang
Bali,Gianyar,1610228,11.1,89.1,4.4,83.2,96.4,74.1,Perkotaan,Tinggi
Papua,Jayapura,374008,4.0,56.1,9.2,34.3,61.5,11.5,Perdesaan,Rendah
Nusa Tenggara Barat,Praya,382918,8.2,81.1,3.7,48.7,67.4,27.9,Perdesaan,Sedang
DKI Jakarta,Jakarta Barat,2036610,8.7,76.8,3.9,44.4,56.5,105.2,Perdesaan,Sedang
Jawa Tengah,Solo,1074882,14.0,94.9,3.5,75.9,81.8,37.5,Perkotaan,Tinggi
Jawa Timur,Mojokerto,633344,9.4,85.7,2.6,84.8,88.2,36.2,Perkotaan,Tinggi
Maluku,Tual,876770,9.1,85.7,3.5,84.3,92.5,32.9,Perkotaan,Tinggi
Jawa Timur,Mojokerto,262686,6.5,75.8,10.5,42.1,71.2,22.1,Perdesaan,Sedang
Sumatera Utara,Pematangsiantar,498324,6.1,79.0,3.8,45.3,60.8,54.0,Perdesaan,Sedang
Nusa Tenggara Timur,Maumere,2502976,7.0,74.7,10.2,71.2,59.2,66.0,Perkotaan,Sedang
Kalimantan Barat,Pontianak,1959313,10.4,91.8,2.8,96.1,95.0,52.0,Perkotaan,Tinggi
Sulawesi Selatan,Parepare,349803,5.0,79.5,3.4,52.8,60.6,34.1,Perdesaan,Sedang
Maluku,Masohi,2399910,10.5,88.8,12.6,64.1,80.5,70.5,Perkotaan,Tinggi
Sulawesi Selatan,Makassar,2775962,12.5,84.3,6.8,82.1,84.8,80.8,Perkotaan,Tinggi
Nusa Tenggara Timur,Kupang,179545,7.0,73.1,6.3,36.8,46.6,7.1,Perdesaan,Rendah
Kalimantan Timur,Bontang,447073,6.1,77.4,5.1,62.9,76.0,13.4,Perdesaan,Sedang
Jawa Tengah,Solo,515211,8.9,94.5,6.3,74.2,87.2,47.9,Perkotaan,Tinggi
Jawa Tengah,Solo,1361624,11.8,92.5,1.5,85.2,82.7,40.4,Perkotaan,Tinggi
Jawa Timur,Madiun,525779,6.0,79.3,2.5,50.6,54.4,28.9,Perdesaan,Sedang
Kalimantan Timur,Samarinda,921831,11.3,93.9,6.4,87.0,80.4,42.2,Perkotaan,Tinggi
Sumatera Utara,Medan,2048844,10.9,91.9,5.2,99.4,86.8,30.2,Perkotaan,Tinggi
Kalimantan Timur,Samarinda,657090,6.2,79.2,4.3,46.2,76.9,18.3,Perdesaan,Sedang
Papua,Merauke,118079,4.8,71.1,6.3,32.5,40.4,16.6,Perdesaan,Rendah
Nusa Tenggara Timur,Kupang,164611,4.0,60.8,5.9,39.2,48.2,8.6,Perdesaan,Rendah
Papua,Timika,2853679,9.2,78.2,5.9,63.6,84.9,42.8,Perkotaan,Sedang
Sulawesi Selatan,Palopo,571919,5.6,78.2,1.0,45.0,65.4,34.9,Perdesaan,Sedang
DKI Jakarta,Jakarta Timur,794616,7.4,73.9,2.1,56.1,72.1,135.2,Perdesaan,Sedang
Papua,Timika,2986947,8.9,86.7,9.5,61.7,67.9,54.3,Perkotaan,Sedang
DKI Jakarta,Jakarta Utara,1731774,6.0,82.7,8.6,58.3,70.2,165.6,Perdesaan,Sedang
Kalimantan Barat,Singkawang,87285,5.5,72.5,1.0,39.9,58.0,31.9,Perdesaan,Sedang
Papua,Merauke,108743,5.6,63.6,6.7,31.4,44.7,16.9,Perdesaan,Rendah
Nusa Tenggara Barat,Bima,420771,7.3,79.4,5.2,47.3,58.0,48.1,Perdesaan,Sedang
Jawa Tengah,Tegal,246481,4.0,71.2,4.0,39.4,64.2,38.5,Perdesaan,Rendah
Sumatera Selatan,Palembang,1296743,8.0,99.9,5.0,96.5,93.5,72.3,Perkotaan,Tinggi
DKI Jakarta,Jakarta Selatan,2161323,4.8,77.6,5.2,59.7,60.1,149.4,Perdesaan,Sedang
Maluku,Masohi,1672954,10.4,91.5,11.6,48.8,73.1,45.4,Perkotaan,Sedang
Nusa Tenggara Timur,Kupang,2490873,9.5,85.4,13.7,75.3,80.0,42.0,Perkotaan,Tinggi
Kalimantan Barat,Pontianak,1610639,12.5,93.4,4.9,79.7,92.0,70.6,Perkotaan,Tinggi
Kalimantan Timur,Balikpapan,753724,7.1,80.3,3.9,56.7,58.1,22.4,Perdesaan,Sedang
Jawa Timur,Madiun,1635822,9.5,99.9,7.1,72.7,93.3,70.2,Perkotaan,Tinggi
Kalimantan Barat,Singkawang,512761,11.2,96.9,5.5,80.8,98.0,62.0,Perkotaan,Tinggi
Jawa Tengah,Kudus,2786199,8.4,85.3,3.8,88.1,87.4,66.6,Perkotaan,Tinggi
Papua,Timika,132361,7.5,66.3,5.7,41.1,56.9,5.0,Perdesaan,Rendah
Sulawesi Selatan,Makassar,2252014,6.4,94.7,9.3,99.9,89.6,74.0,Perkotaan,Tinggi
Jawa Tengah,Kudus,396373,7.2,66.0,3.4,55.7,57.6,37.2,Perdesaan,Sedang
Sulawesi Selatan,Makassar,1762199,9.4,90.1,9.7,96.1,92.1,38.0,Perkotaan,Tinggi
Nusa Tenggara Barat,Mataram,608624,4.6,79.9,4.1,62.5,70.0,49.5,Perdesaan,Sedang
Jawa Barat,Depok,2778708,6.2,99.0,3.9,81.2,88.3,43.4,Perkotaan,Tinggi
Nusa Tenggara Barat,Mataram,796490,5.0,74.9,1.7,48.9,51.0,25.5,Perdesaan,Sedang
Jawa Tengah,Magelang,122988,4.6,72.7,1.0,44.5,59.6,54.1,Perdesaan,Sedang
DKI Jakarta,Jakarta Utara,882659,13.5,83.6,6.0,92.9,92.7,139.1,Perkotaan,Tinggi
Kalimantan Timur,Balikpapan,2724020,9.0,93.3,7.5,79.1,93.3,26.0,Perkotaan,Tinggi
Kalimantan Barat,Singkawang,410987,8.5,77.5,1.7,47.3,74.0,11.0,Perdesaan,Sedang
DKI Jakarta,Jakarta Barat,522832,9.4,78.0,5.2,62.4,64.6,134.9,Perdesaan,Tinggi
Sumatera Selatan,Pagar Alam,796348,5.4,82.0,1.0,50.9,59.9,36.5,Perdesaan,Sedang
Sumatera Selatan,Lubuklinggau,211760,5.8,89.8,4.3,56.1,62.3,28.3,Perdesaan,Sedang
Kalimantan Barat,Singkawang,192371,8.4,82.4,1.6,60.6,67.6,15.2,Perdesaan,Sedang
Sumatera Selatan,Prabumulih,2078907,8.4,89.9,5.0,90.1,81.7,39.0,Perkotaan,Tinggi
Maluku,Masohi,2404403,8.1,95.6,8.4,68.8,83.9,60.4,Perkotaan,Tinggi
Sumatera Utara,Medan,635809,11.5,99.6,13.1,82.0,91.6,33.0,Perkotaan,Tinggi
Jawa Barat,Cimahi,142742,6.6,86.5,2.1,42.3,61.0,17.9,Perdesaan,Sedang
Bali,Tabanan,410234,6.3,77.8,1.0,61.2,58.6,29.0,Perdesaan,Sedang
Sumatera Utara,Tebing Tinggi,448168,9.3,84.4,4.5,99.9,89.3,83.1,Perkotaan,Tinggi
Bali,Gianyar,1523701,10.8,84.2,5.8,89.0,74.4,53.6,Perkotaan,Tinggi
Banten,Serang,1478481,9.8,96.6,5.8,71.4,99.9,37.5,Perkotaan,Tinggi
Nusa Tenggara Barat,Bima,1035678,9.8,99.9,1.5,86.7,94.7,41.0,Perkotaan,Tinggi
Jawa Barat,Bekasi,946553,11.3,83.5,3.9,90.1,83.1,27.8,Perkotaan,Tinggi
Jawa Tengah,Solo,1747352,11.1,93.6,6.3,82.0,81.1,60.1,Perkotaan,Tinggi
Sulawesi Selatan,Palopo,608388,6.7,87.1,2.5,60.0,56.6,32.0,Perdesaan,Sedang
Banten,Tangerang Selatan,1624094,12.2,89.8,11.4,90.7,77.0,17.0,Perkotaan,Tinggi
Sumatera Selatan,Lubuklinggau,1420247,10.4,87.6,3.6,79.4,87.3,41.7,Perkotaan,Tinggi
Nusa Tenggara Barat,Praya,595209,5.3,85.8,5.3,66.4,58.0,9.9,Perdesaan,Sedang
DKI Jakarta,Jakarta Timur,735818,10.4,86.9,5.7,85.5,99.9,135.9,Perkotaan,Tinggi
DKI Jakarta,Jakarta Pusat,1209428,9.5,75.4,3.7,58.1,67.6,121.7,Perdesaan,Sedang
Nusa Tenggara Barat,Praya,1074975,11.8,86.4,5.9,96.2,99.9,43.9,Perkotaan,Tinggi
Kalimantan Barat,Singkawang,775846,8.6,72.1,3.3,60.3,77.4,46.7,Perdesaan,Sedang
Sumatera Selatan,Pagar Alam,551904,9.9,99.9,6.4,88.4,95.3,53.3,Perkotaan,Tinggi
Sumatera Selatan,Prabumulih,163697,8.1,86.1,4.7,69.1,75.8,22.6,Perdesaan,Sedang
Jawa Barat,Bandung,2696392,9.6,81.7,8.9,86.4,89.8,54.3,Perkotaan,Tinggi
DKI Jakarta,Jakarta Timur,1683410,12.6,87.6,1.0,90.7,81.5,131.3,Perkotaan,Tinggi
Maluku,Masohi,123504,4.9,67.9,11.4,34.8,39.7,19.0,Perdesaan,Rendah
Kalimantan Barat,Singkawang,1570153,8.3,97.0,7.1,83.9,70.1,44.0,Perkotaan,Tinggi
Jawa Barat,Cirebon,1516174,9.4,89.0,8.4,87.4,94.5,83.8,Perkotaan,Tinggi
Kalimantan Barat,Pontianak,426712,4.0,79.1,2.5,57.5,66.8,35.8,Perdesaan,Sedang
Bali,Gianyar,564210,10.6,83.7,1.0,85.1,97.9,6.7,Perkotaan,Tinggi
DKI Jakarta,Jakarta Utara,1716494,11.1,90.3,9.3,99.9,85.6,110.8,Perkotaan,Tinggi
Nusa Tenggara Barat,Praya,2729952,10.1,94.3,5.7,73.5,99.9,60.2,Perkotaan,Tinggi
Bali,Denpasar,847514,12.1,92.8,9.8,74.5,99.0,70.8,Perkotaan,Tinggi
Maluku,Masohi,745985,10.0,87.3,8.3,67.6,77.1,72.3,Perkotaan,Tinggi
Maluku,Masohi,389984,6.7,74.3,4.9,37.5,55.4,16.9,Perdesaan,Sedang
DKI Jakarta,Jakarta Pusat,565171,11.6,94.3,2.7,99.9,81.9,122.9,Perkotaan,Tinggi
Kalimantan Barat,Pontianak,2951616,8.0,85.2,8.9,86.1,95.0,55.5,Perkotaan,Tinggi
Jawa Barat,Tasikmalaya,347514,4.1,83.5,4.5,39.8,68.1,55.6,Perdesaan,Sedang
Kalimantan Timur,Balikpapan,1032111,9.7,90.9,7.3,95.7,99.9,46.4,Perkotaan,Tinggi
Papua,Merauke,319168,7.6,80.6,15.8,67.7,63.3,27.9,Perkotaan,Sedang
Kalimantan Timur,Bontang,2927581,9.3,87.9,7.5,99.9,81.7,6.7,Perkotaan,Tinggi
Sulawesi Selatan,Parepare,480839,11.3,93.9,6.5,92.4,77.5,26.8,Perkotaan,Tinggi
Sulawesi Selatan,Makassar,520018,10.8,90.3,6.6,73.8,99.9,83.3,Perkotaan,Tinggi
Nusa Tenggara Timur,Ende,1667226,6.3,86.8,10.5,65.7,79.4,64.2,Perkotaan,Sedang
Jawa Timur,Mojokerto,1138675,9.2,95.0,3.2,87.1,93.5,47.9,Perkotaan,Tinggi
Kalimantan Barat,Singkawang,1866509,11.6,99.2,1.4,64.9,91.2,65.0,Perkotaan,Tinggi
Nusa Tenggara Timur,Maumere,872528,9.8,86.3,5.3,78.3,76.3,71.4,Perkotaan,Tinggi
Jawa Tengah,Kudus,228190,4.8,74.4,4.3,65.2,49.2,30.9,Perdesaan,Sedang
Jawa Timur,Madiun,2240968,9.6,99.9,5.8,77.5,85.1,78.3,Perkotaan,Tinggi
Kalimantan Barat,Pontianak,55324,6.1,78.9,8.1,54.1,56.6,34.6,Perdesaan,Sedang
Sumatera Selatan,Pagar Alam,780494,7.2,72.1,4.2,67.8,77.9,36.9,Perdesaan,Sedang
Jawa Timur,Malang,1302700,9.6,89.9,3.9,86.1,85.4,17.2,Perkotaan,Tinggi
Nusa Tenggara Timur,Maumere,2207740,7.7,82.7,8.5,63.9,82.8,34.7,Perkotaan,Sedang
Nusa Tenggara Timur,Maumere,2931107,11.4,87.5,8.7,72.2,69.3,62.1,Perkotaan,Tinggi
Bali,Gianyar,134891,5.5,74.3,6.7,50.0,71.4,27.4,Perdesaan,Sedang
DKI Jakarta,Jakarta Utara,2251831,10.0,88.1,7.4,99.9,99.9,142.8,Perkotaan,Tinggi
Jawa Timur,Malang,300224,4.4,75.9,3.7,38.3,73.6,18.1,Perdesaan,Sedang
Papua,Timika,386030,4.3,71.8,6.1,32.7,56.8,20.5,Perdesaan,Rendah
Sulawesi Selatan,Palopo,814680,8.2,93.4,8.4,65.9,82.7,60.7,Perkotaan,Tinggi
Nusa Tenggara Barat,Praya,118815,7.7,89.5,6.1,60.2,73.7,69.1,Perdesaan,Sedang
Jawa Barat,Bandung,769865,9.4,85.4,8.1,76.4,85.4,43.1,Perkotaan,Tinggi
Nusa Tenggara Barat,Praya,546925,5.6,83.3,2.7,48.5,80.0,46.7,Perdesaan,Sedang
Jawa Timur,Madiun,481690,4.6,73.8,4.7,43.8,60.0,19.1,Perdesaan,Rendah
Kalimantan Timur,Balikpapan,2679225,11.8,99.8,6.9,91.8,68.8,60.3,Perkotaan,Tinggi
Papua,Jayapura,1492784,7.6,83.0,12.5,62.8,70.3,107.5,Perkotaan,Sedang
Maluku,Masohi,748724,5.2,64.6,12.9,61.4,42.3,14.6,Perdesaan,Rendah
Sumatera Utara,Binjai,445496,7.9,77.7,7.6,93.7,99.8,51.2,Perkotaan,Tinggi
Jawa Barat,Bandung,2394706,10.4,77.5,7.3,82.4,99.9,50.3,Perkotaan,Tinggi
Kalimantan Timur,Balikpapan,359913,5.3,78.8,10.6,45.3,61.0,31.2,Perdesaan,Sedang
Bali,Singaraja,771085,9.6,79.2,8.0,94.7,87.1,73.9,Perkotaan,Tinggi
Maluku,Ambon,687893,7.6,89.3,10.0,81.5,77.7,21.5,Perkotaan,Sedang
Jawa Timur,Surabaya,2168386,8.3,78.5,8.5,83.5,79.1,56.6,Perkotaan,Sedang
Kalimantan Timur,Samarinda,428603,4.6,83.7,1.8,59.3,72.3,36.1,Perdesaan,Sedang
Banten,Tangerang Selatan,141853,7.2,90.3,3.9,44.6,60.5,38.2,Perdesaan,Sedang
Nusa Tenggara Timur,Ende,484313,6.3,74.1,8.5,43.5,34.1,20.2,Perdesaan,Rendah
Sumatera Utara,Medan,669371,6.5,75.4,1.0,66.9,56.2,44.8,Perdesaan,Sedang
Nusa Tenggara Timur,Maumere,193578,5.9,78.8,6.3,51.3,53.0,12.7,Perdesaan,Sedang
Bali,Tabanan,2243857,10.4,99.9,7.2,92.0,82.8,33.0,Perkotaan,Tinggi
Jawa Barat,Tasikmalaya,351663,5.0,81.5,3.3,48.1,69.7,43.2,Perdesaan,Sedang
Jawa Barat,Cimahi,659291,4.9,78.8,3.8,70.2,79.6,30.5,Perdesaan,Sedang
Sumatera Utara,Medan,220757,5.8,76.3,1.0,58.7,63.4,38.9,Perdesaan,Sedang
Sumatera Utara,Pematangsiantar,423276,7.7,79.5,3.4,51.9,68.9,54.8,Perdesaan,Sedang
Papua,Jayapura,1001018,5.6,78.7,10.8,56.5,71.2,83.9,Perkotaan,Sedang
Nusa Tenggara Timur,Ende,2732891,8.0,84.7,10.3,76.2,76.5,34.7,Perkotaan,Sedang
Kalimantan Barat,Pontianak,948250,7.2,91.8,6.9,72.7,82.7,9.1,Perkotaan,Sedang
Maluku,Masohi,786378,5.0,65.1,6.0,41.0,57.6,5.0,Perdesaan,Rendah
Sulawesi Selatan,Parepare,1820722,11.0,97.0,9.0,84.1,94.8,52.7,Perkotaan,Tinggi
Banten,Tangerang,174357,7.0,89.7,5.1,60.6,68.0,40.6,Perdesaan,Sedang
Jawa Barat,Bogor,167149,8.8,82.9,4.0,52.1,76.1,51.7,Perdesaan,Sedang
Kalimantan Timur,Bontang,798795,10.4,91.0,5.9,86.4,93.4,60.9,Perkotaan,Tinggi
Bali,Gianyar,1138963,10.6,97.1,10.1,95.4,99.9,37.6,Perkotaan,Tinggi
Sumatera Utara,Tebing Tinggi,2399812,10.4,83.9,5.1,84.9,95.8,24.2,Perkotaan,Tinggi
Kalimantan Timur,Samarinda,345548,7.7,86.9,8.0,55.4,81.0,19.5,Perdesaan,Sedang
Maluku,Masohi,2772041,9.4,90.2,12.7,81.8,83.3,52.5,Perkotaan,Tinggi
Kalimantan Timur,Samarinda,1618187,10.5,94.0,8.8,97.8,87.1,30.5,Perkotaan,Tinggi
DKI Jakarta,Jakarta Utara,785375,9.8,96.4,5.7,77.8,93.1,118.0,Perkotaan,Tinggi
Sumatera Selatan,Lubuklinggau,498750,6.7,80.1,5.5,45.4,62.8,26.5,Perdesaan,Sedang
Nusa Tenggara Barat,Bima,465623,4.5,81.3,5.2,57.8,56.3,46.7,Perdesaan,Sedang
Jawa Barat,Tasikmalaya,226919,10.2,84.5,2.2,66.4,69.1,34.5,Perdesaan,Sedang
Maluku,Tual,342047,5.2,57.8,3.5,30.7,56.0,5.0,Perdesaan,Rendah
Sumatera Utara,Pematangsiantar,474089,8.3,77.4,5.7,63.8,71.7,47.1,Perdesaan,Sedang
Jawa Timur,Mojokerto,81167,6.9,79.2,7.4,61.3,72.7,32.4,Perdesaan,Sedang
Nusa Tenggara Barat,Bima,2908717,8.2,84.9,4.4,74.7,81.0,56.1,Perkotaan,Tinggi
Banten,Tangerang Selatan,1397503,7.4,89.1,5.5,84.5,92.1,5.0,Perkotaan,Tinggi
Kalimantan Barat,Pontianak,1619356,11.0,86.8,7.5,86.4,82.5,25.7,Perkotaan,Tinggi
Kalimantan Barat,Pontianak,864084,9.4,97.5,6.3,72.1,79.9,56.5,Perkotaan,Tinggi
Kalimantan Timur,Bontang,2658270,11.1,86.3,3.7,92.4,99.9,50.0,Perkotaan,Tinggi
Sumatera Utara,Tebing Tinggi,418057,9.3,90.3,3.0,98.6,78.2,37.9,Perkotaan,Tinggi
Nusa Tenggara Barat,Bima,2095783,9.2,96.7,3.8,96.8,90.2,83.9,Perkotaan,Tinggi
Bali,Denpasar,118681,7.0,75.8,5.5,65.9,76.4,40.1,Perdesaan,Sedang
Sumatera Selatan,Pagar Alam,2270064,6.3,82.8,4.2,91.9,76.9,39.0,Perkotaan,Sedang
Jawa Barat,Tasikmalaya,402287,4.0,78.2,3.3,49.8,58.5,72.7,Perdesaan,Sedang
Jawa Timur,Blitar,128979,7.5,71.7,3.8,58.0,73.1,34.6,Perdesaan,Sedang
Jawa Timur,Madiun,146424,6.1,70.3,2.3,50.6,56.0,27.5,Perdesaan,Sedang
Sumatera Selatan,Prabumulih,621542,9.3,87.9,6.9,75.0,84.8,51.7,Perkotaan,Tinggi
Sumatera Selatan,Lubuklinggau,525244,5.6,71.3,6.6,45.4,59.9,34.0,Perdesaan,Sedang
Sulawesi Selatan,Makassar,539994,6.3,86.5,5.8,36.8,80.6,15.6,Perdesaan,Sedang
Nusa Tenggara Timur,Maumere,1141578,7.9,84.6,11.2,82.3,72.3,75.3,Perkotaan,Tinggi
Sumatera Utara,Medan,482472,6.4,82.9,6.0,67.9,65.5,46.0,Perdesaan,Sedang
Jawa Tengah,Solo,1602501,8.1,93.7,2.7,90.6,94.6,57.7,Perkotaan,Tinggi
Jawa Tengah,Semarang,1465060,9.5,88.9,9.9,64.4,88.4,55.4,Perkotaan,Tinggi
Maluku,Ambon,1549815,10.7,72.4,7.0,75.2,73.1,47.7,Perkotaan,Sedang
Maluku,Masohi,297507,6.9,74.3,9.8,35.0,59.3,5.0,Perdesaan,Rendah
Kalimantan Barat,Singkawang,678530,10.1,95.1,6.8,76.6,83.1,45.0,Perkotaan,Tinggi
Nusa Tenggara Timur,Maumere,2073641,8.6,84.8,9.4,77.8,61.6,76.7,Perkotaan,Tinggi
DKI Jakarta,Jakarta Timur,773794,10.4,97.8,3.4,69.6,99.9,97.7,Perkotaan,Tinggi
Sumatera Utara,Pematangsiantar,373141,10.4,80.1,1.0,43.2,55.0,5.0,Perdesaan,Sedang
Nusa Tenggara Timur,Maumere,2618308,6.9,87.7,7.4,49.4,71.1,32.3,Perkotaan,Sedang
Jawa Timur,Blitar,1948258,13.0,86.1,4.2,99.9,90.3,38.2,Perkotaan,Tinggi
Maluku,Ambon,712021,4.0,78.0,4.3,30.0,49.5,20.8,Perdesaan,Rendah
Papua,Merauke,2032085,9.7,79.6,4.1,80.5,78.8,62.0,Perkotaan,Tinggi
Banten,Tangerang,2825457,9.8,84.5,4.2,98.7,90.9,26.4,Perkotaan,Tinggi
Jawa Tengah,Kudus,2988963,11.0,96.6,4.5,78.7,94.1,60.8,Perkotaan,Tinggi
Kalimantan Timur,Bontang,730715,6.7,66.4,2.3,38.7,61.1,50.5,Perdesaan,Sedang
Nusa Tenggara Timur,Kupang,2787307,9.7,72.5,9.8,79.8,81.8,92.2,Perkotaan,Tinggi
Maluku,Masohi,396343,10.4,78.0,5.2,54.4,80.2,52.8,Perkotaan,Sedang
Nusa Tenggara Timur,Kupang,2892096,7.4,84.0,11.0,75.1,78.8,51.7,Perkotaan,Sedang
Nusa Tenggara Timur,Maumere,2202988,9.3,75.8,9.3,76.7,88.8,42.8,Perkotaan,Sedang
Banten,Serang,450633,8.5,86.6,1.0,35.8,62.5,57.1,Perdesaan,Sedang
Sumatera Selatan,Prabumulih,912128,14.0,94.9,6.2,95.9,90.1,81.4,Perkotaan,Tinggi
Nusa Tenggara Barat,Bima,2266632,10.9,95.9,4.7,70.7,87.1,24.4,Perkotaan,Tinggi
Nusa Tenggara Timur,Maumere,699630,8.0,81.3,11.6,65.3,68.3,76.7,Perkotaan,Sedang
Nusa Tenggara Barat,Praya,97722,8.3,78.2,1.0,73.7,63.0,28.0,Perdesaan,Sedang
Kalimantan Barat,Pontianak,1391742,10.8,98.1,4.5,94.5,99.9,71.8,Perkotaan,Tinggi
Sumatera Selatan,Prabumulih,1613947,10.8,92.9,9.3,71.3,89.8,9.3,Perkotaan,Tinggi
Banten,Serang,326570,4.9,77.3,6.1,69.1,45.4,37.0,Perdesaan,Sedang
Kalimantan Timur,Bontang,511362,7.3,79.1,4.1,57.7,64.2,58.4,Perdesaan,Sedang
Sumatera Selatan,Palembang,568951,7.9,79.4,3.3,43.9,49.5,36.3,Perdesaan,Sedang
Maluku,Ambon,692494,8.9,86.7,11.1,55.7,79.5,31.9,Perkotaan,Sedang
Nusa Tenggara Barat,Praya,317304,8.1,90.7,5.1,87.0,91.4,25.1,Perkotaan,Tinggi
Kalimantan Barat,Singkawang,811667,8.4,96.9,10.5,79.3,91.9,61.8,Perkotaan,Tinggi
Maluku,Masohi,526111,4.2,64.6,5.8,32.5,60.7,20.7,Perdesaan,Rendah
Sulawesi Selatan,Parepare,646805,8.6,86.7,4.6,47.3,68.9,11.4,Perdesaan,Sedang
Kalimantan Timur,Bontang,1972933,10.0,96.4,6.3,75.0,95.4,56.8,Perkotaan,Tinggi
Sumatera Selatan,Pagar Alam,946487,11.3,96.8,1.9,92.5,85.5,83.3,Perkotaan,Tinggi
Jawa Tengah,Magelang,435306,4.8,77.4,6.1,47.5,57.3,28.9,Perdesaan,Sedang
Papua,Merauke,693687,5.8,75.8,9.5,46.6,61.8,16.2,Perdesaan,Sedang
Nusa Tenggara Barat,Praya,569383,4.4,76.5,6.4,60.7,77.6,47.9,Perdesaan,Sedang
Banten,Cilegon,767555,8.9,71.4,1.9,53.8,68.0,36.8,Perdesaan,Sedang
DKI Jakarta,Jakarta Pusat,2082216,9.6,95.5,5.2,75.0,83.5,150.9,Perkotaan,Tinggi
Papua,Timika,2241455,8.9,85.4,8.2,72.6,79.8,43.2,Perkotaan,Sedang
Bali,Singaraja,521804,5.7,74.7,9.0,50.8,67.0,43.9,Perdesaan,Sedang
Nusa Tenggara Timur,Maumere,745983,8.2,82.5,8.7,71.0,70.0,36.6,Perkotaan,Sedang
Sumatera Selatan,Pagar Alam,2886815,8.6,98.9,5.1,75.7,88.7,64.8,Perkotaan,Tinggi
DKI Jakarta,Jakarta Selatan,366627,10.7,88.3,8.8,94.9,93.6,141.8,Perkotaan,Tinggi
Maluku,Masohi,614744,5.5,72.7,4.2,42.6,54.8,18.6,Perdesaan,Rendah
Jawa Tengah,Kudus,558608,4.0,80.1,2.6,51.6,51.3,23.0,Perdesaan,Sedang
DKI Jakarta,Jakarta Barat,2944130,11.9,86.8,3.5,98.9,78.6,114.6,Perkotaan,Tinggi
Banten,Tangerang,2338855,7.6,91.2,11.0,76.4,93.9,44.3,Perkotaan,Tinggi
DKI Jakarta,Jakarta Pusat,2717610,10.8,94.0,8.0,86.5,80.8,133.9,Perkotaan,Tinggi
Nusa Tenggara Barat,Bima,2129681,11.2,92.6,6.8,93.6,90.6,69.0,Perkotaan,Tinggi
Kalimantan Barat,Singkawang,799940,6.1,75.3,2.9,70.2,79.7,27.9,Perdesaan,Sedang
Nusa Tenggara Barat,Praya,545268,7.4,67.0,2.5,49.4,64.9,12.8,Perdesaan,Sedang
Jawa Tengah,Solo,2840695,7.3,92.5,8.7,80.9,91.0,80.4,Perkotaan,Tinggi
DKI Jakarta,Jakarta Barat,1797550,7.1,74.7,5.9,53.9,67.5,113.0,Perdesaan,Sedang
Jawa Barat,Cimahi,2657121,10.2,96.6,4.7,92.9,99.9,66.9,Perkotaan,Tinggi
Banten,Cilegon,590422,5.9,76.3,9.7,62.5,71.2,5.0,Perdesaan,Sedang
Papua,Jayapura,690231,4.0,60.5,9.6,47.7,45.2,17.8,Perdesaan,Rendah
Jawa Barat,Cirebon,1816821,10.7,96.2,3.2,89.3,89.6,45.9,Perkotaan,Tinggi
Nusa Tenggara Barat,Bima,877859,10.7,94.8,10.2,81.8,99.9,56.6,Perkotaan,Tinggi
Sulawesi Selatan,Parepare,1018324,11.2,95.0,6.1,75.5,87.7,45.1,Perkotaan,Tinggi
Papua,Timika,1257064,9.5,86.8,13.6,59.5,84.2,47.8,Perkotaan,Sedang
Nusa Tenggara Barat,Bima,514077,6.6,78.7,6.1,32.5,71.0,41.6,Perdesaan,Sedang
Papua,Jayapura,1949478,8.6,73.2,5.6,53.2,85.6,65.0,Perkotaan,Sedang
Nusa Tenggara Timur,Maumere,360089,4.0,74.1,5.5,30.0,48.8,12.0,Perdesaan,Rendah
Sumatera Utara,Medan,603429,5.8,75.8,1.0,63.2,73.5,21.4,Perdesaan,Sedang
Bali,Singaraja,730271,5.7,80.2,3.8,57.6,58.5,55.8,Perdesaan,Sedang
Nusa Tenggara Timur,Kupang,2568238,8.4,84.6,6.1,66.1,75.2,43.2,Perkotaan,Sedang
DKI Jakarta,Jakarta Pusat,1312252,11.6,87.6,3.4,98.5,88.3,91.9,Perkotaan,Tinggi
Banten,Serang,823238,8.1,94.5,8.3,85.3,91.2,88.0,Perkotaan,Tinggi
Bali,Gianyar,1493428,8.6,82.4,4.8,82.6,80.6,77.7,Perkotaan,Tinggi
Jawa Barat,Depok,1107635,10.6,86.9,9.2,94.1,91.6,47.7,Perkotaan,Tinggi
DKI Jakarta,Jakarta Timur,2297550,7.6,80.4,2.9,53.9,52.0,117.4,Perdesaan,Sedang
Maluku,Tual,2969511,7.1,85.0,11.6,65.1,89.7,48.8,Perkotaan,Sedang
Jawa Tengah,Tegal,2219786,11.6,98.8,6.8,81.2,92.1,77.0,Perkotaan,Tinggi
Nusa Tenggara Timur,Kupang,437272,5.7,66.6,7.7,36.1,45.5,22.2,Perdesaan,Rendah
Kalimantan Timur,Samarinda,1578946,11.3,91.7,1.6,86.6,96.7,75.8,Perkotaan,Tinggi
DKI Jakarta,Jakarta Barat,1204214,8.5,87.0,7.1,63.2,67.2,132.5,Perdesaan,Tinggi
Sulawesi Selatan,Palopo,2197395,12.1,85.9,2.1,87.5,79.3,34.1,Perkotaan,Tinggi
Kalimantan Timur,Bontang,2187140,9.6,89.0,5.9,80.7,82.1,35.3,Perkotaan,Tinggi
Sumatera Selatan,Prabumulih,405465,4.0,74.2,7.1,44.6,55.2,11.1,Perdesaan,Rendah
Nusa Tenggara Timur,Kupang,1595402,7.8,80.8,7.5,67.6,67.3,37.2,Perkotaan,Sedang
DKI Jakarta,Jakarta Pusat,2295799,10.7,92.0,4.3,82.7,96.2,126.2,Perkotaan,Tinggi
Jawa Timur,Malang,657705,4.0,81.7,2.0,48.7,80.3,43.3,Perdesaan,Sedang
DKI Jakarta,Jakarta Barat,2040369,12.8,93.1,5.2,96.0,99.9,126.8,Perkotaan,Tinggi
Banten,Cilegon,675929,12.1,99.9,5.6,81.9,94.9,51.9,Perkotaan,Tinggi
Nusa Tenggara Timur,Kupang,714163,7.8,87.6,7.9,78.7,76.9,46.0,Perkotaan,Tinggi
Jawa Timur,Malang,664496,6.7,85.1,1.0,54.3,64.2,48.0,Perdesaan,Sedang
Kalimantan Timur,Balikpapan,421242,9.1,94.4,7.5,79.8,99.9,48.2,Perkotaan,Tinggi
Jawa Timur,Madiun,181671,6.0,83.8,7.1,62.2,71.0,72.7,Perdesaan,Sedang
Sumatera Utara,Binjai,613646,10.2,73.5,3.3,54.0,72.8,5.0,Perdesaan,Sedang
Bali,Tabanan,225512,10.0,78.0,1.0,56.5,69.2,22.6,Perdesaan,Sedang
Sumatera Utara,Binjai,2440472,9.8,95.5,5.1,84.2,99.9,71.5,Perkotaan,Tinggi
Maluku,Ambon,343033,5.7,65.1,2.5,39.5,64.4,6.8,Perdesaan,Rendah
Nusa Tenggara Barat,Bima,792133,5.4,79.3,6.3,54.0,54.5,40.1,Perdesaan,Sedang
DKI Jakarta,Jakarta Selatan,308587,7.4,77.6,5.5,63.4,53.4,119.4,Perdesaan,Sedang
Sulawesi Selatan,Parepare,625155,6.9,89.0,7.1,75.1,99.9,92.4,Perkotaan,Tinggi
Sumatera Selatan,Lubuklinggau,335363,11.0,96.1,6.1,86.3,89.4,21.3,Perkotaan,Tinggi
Nusa Tenggara Barat,Praya,677346,10.9,84.3,6.6,78.4,99.9,48.5,Perkotaan,Tinggi
DKI Jakarta,Jakarta Barat,2841861,11.3,95.8,7.1,83.9,97.1,111.1,Perkotaan,Tinggi
Sulawesi Selatan,Makassar,2672747,9.0,84.8,7.5,96.9,89.9,44.6,Perkotaan,Tinggi
Kalimantan Barat,Pontianak,337653,7.3,86.4,7.8,54.2,59.0,32.6,Perdesaan,Sedang
Kalimantan Timur,Balikpapan,2091447,7.7,80.9,11.6,92.6,66.2,81.8,Perkotaan,Tinggi
Banten,Tangerang,539251,4.7,78.2,7.8,59.3,82.1,44.8,Perdesaan,Sedang
Kalimantan Timur,Balikpapan,1943575,10.2,94.3,5.5,84.0,88.3,5.0,Perkotaan,Tinggi
Sumatera Selatan,Palembang,256440,7.2,82.4,3.2,51.8,50.6,38.4,Perdesaan,Sedang
Bali,Tabanan,309159,7.4,80.8,3.5,57.8,57.9,58.1,Perdesaan,Sedang
Jawa Barat,Cirebon,2139325,10.2,83.6,5.1,83.0,91.9,56.9,Perkotaan,Tinggi
Sumatera Utara,Medan,115014,7.9,74.8,2.9,68.3,76.0,44.1,Perdesaan,Sedang
Kalimantan Timur,Samarinda,1899940,8.3,96.8,1.8,95.6,92.6,27.8,Perkotaan,Tinggi
Sulawesi Selatan,Parepare,2095605,11.5,86.3,2.9,99.9,91.8,33.5,Perkotaan,Tinggi
Sumatera Utara,Binjai,351542,9.5,90.7,6.4,78.6,79.8,42.4,Perkotaan,Tinggi
Banten,Serang,2904037,8.9,93.5,6.3,81.6,86.8,74.8,Perkotaan,Tinggi
Nusa Tenggara Barat,Bima,2569721,10.1,88.7,5.2,93.5,89.3,56.9,Perkotaan,Tinggi
Bali,Gianyar,2426964,10.8,85.0,8.2,88.1,99.9,50.8,Perkotaan,Tinggi
Jawa Timur,Surabaya,2295335,8.6,76.0,4.2,79.7,71.9,30.7,Perkotaan,Sedang
Bali,Tabanan,980651,12.4,99.5,8.5,78.8,99.9,41.2,Perkotaan,Tinggi
Nusa Tenggara Timur,Kupang,1193967,8.7,91.7,11.1,67.4,74.7,41.5,Perkotaan,Sedang
Jawa Tengah,Semarang,609250,8.8,97.9,7.7,93.4,78.0,22.6,Perkotaan,Tinggi
Sumatera Utara,Medan,258795,6.8,81.5,7.0,44.5,59.6,51.1,Perdesaan,Sedang
Jawa Tengah,Solo,1398020,10.3,91.3,4.9,76.2,90.9,45.6,Perkotaan,Tinggi
Kalimantan Barat,Pontianak,1307261,9.0,96.2,7.5,95.8,93.4,28.4,Perkotaan,Tinggi
Sumatera Selatan,Palembang,848592,10.3,88.2,4.3,91.7,72.2,22.8,Perkotaan,Tinggi
Jawa Timur,Surabaya,665855,7.2,84.9,4.5,46.4,78.5,43.8,Perdesaan,Sedang
Maluku,Ambon,662454,5.8,65.3,9.5,45.5,48.5,15.8,Perdesaan,Rendah
Kalimantan Timur,Balikpapan,726406,6.5,72.2,2.4,54.3,62.7,17.2,Perdesaan,Sedang
Sulawesi Selatan,Palopo,546771,6.3,84.0,6.9,48.7,70.5,37.4,Perdesaan,Sedang
Jawa Timur,Blitar,465131,6.8,84.2,3.0,59.1,68.4,25.4,Perdesaan,Sedang
Jawa Barat,Bekasi,359380,5.2,79.9,1.6,49.4,58.9,24.1,Perdesaan,Sedang
Sulawesi Selatan,Parepare,2386846,9.4,97.4,6.8,91.6,85.4,40.1,Perkotaan,Tinggi
Jawa Barat,Depok,587700,5.9,77.3,3.7,62.1,70.6,44.6,Perdesaan,Sedang
Kalimantan Timur,Samarinda,1680938,10.0,99.9,6.6,65.8,94.0,80.4,Perkotaan,Tinggi
Jawa Tengah,Kudus,323820,7.8,78.3,5.9,39.3,58.3,43.7,Perdesaan,Sedang
Bali,Denpasar,2450197,13.7,91.0,7.2,79.6,89.1,41.5,Perkotaan,Tinggi
Jawa Timur,Madiun,2617836,10.1,82.4,1.7,89.3,88.0,66.9,Perkotaan,Tinggi
Papua,Timika,2139960,6.7,84.4,6.7,79.3,88.3,89.6,Perkotaan,Tinggi
DKI Jakarta,Jakarta Timur,1787562,6.7,83.3,3.0,53.7,66.8,105.6,Perdesaan,Sedang
Sumatera Utara,Medan,435094,10.8,90.4,8.1,82.4,82.5,35.2,Perkotaan,Tinggi
Bali,Singaraja,264124,7.0,77.3,1.9,62.4,55.3,68.7,Perdesaan,Sedang
Nusa Tenggara Barat,Bima,737521,9.6,88.7,7.6,72.9,95.3,57.2,Perkotaan,Tinggi
Kalimantan Barat,Singkawang,1277438,9.5,99.1,3.7,87.7,97.1,56.2,Perkotaan,Tinggi
Kalimantan Barat,Singkawang,764493,11.1,96.5,5.9,75.1,94.5,47.3,Perkotaan,Tinggi
Maluku,Ambon,2291371,9.6,88.6,8.4,76.3,73.2,33.3,Perkotaan,Tinggi
Jawa Timur,Surabaya,517383,7.9,80.4,5.1,43.6,78.9,18.5,Perdesaan,Sedang
Sulawesi Selatan,Parepare,682112,9.3,99.9,2.3,89.2,88.4,38.7,Perkotaan,Tinggi
Bali,Gianyar,1053205,12.0,86.3,1.0,90.8,94.2,78.7,Perkotaan,Tinggi
Sumatera Selatan,Palembang,962415,9.7,99.9,4.6,99.9,85.9,24.7,Perkotaan,Tinggi
Jawa Timur,Blitar,2618711,11.0,96.0,6.1,73.2,91.5,34.8,Perkotaan,Tinggi
Jawa Tengah,Magelang,487213,9.4,92.6,4.6,69.4,80.3,77.5,Perkotaan,Tinggi
Maluku,Ambon,345035,8.5,91.4,11.4,81.3,66.3,60.0,Perkotaan,Tinggi
Jawa Barat,Cimahi,798244,7.3,77.0,6.1,37.7,65.7,37.5,Perdesaan,Sedang
Jawa Barat,Bekasi,2542500,10.0,88.4,5.8,83.7,88.7,76.3,Perkotaan,Tinggi
Jawa Tengah,Solo,757835,4.9,76.7,7.4,59.2,53.3,31.8,Perdesaan,Sedang
Nusa Tenggara Barat,Mataram,1593205,8.1,94.8,8.3,87.9,91.8,69.5,Perkotaan,Tinggi
Kalimantan Barat,Pontianak,367270,6.0,99.9,5.2,90.6,87.2,42.7,Perkotaan,Tinggi
Kalimantan Barat,Pontianak,746368,6.9,81.2,3.0,57.4,60.2,52.1,Perdesaan,Sedang
Jawa Timur,Madiun,2572065,8.7,95.9,6.1,89.7,89.4,58.1,Perkotaan,Tinggi
Nusa Tenggara Barat,Bima,1192413,9.5,92.6,7.4,71.7,88.0,60.5,Perkotaan,Tinggi
Jawa Timur,Blitar,2811839,5.4,92.0,5.0,67.8,99.2,42.8,Perkotaan,Sedang
Banten,Tangerang,2946077,9.3,83.5,9.8,82.3,84.4,79.7,Perkotaan,Tinggi
Kalimantan Barat,Singkawang,748740,5.2,78.6,1.4,46.6,56.5,49.5,Perdesaan,Sedang
Jawa Timur,Madiun,355749,10.2,99.9,7.7,79.8,89.0,21.4,Perkotaan,Tinggi
Bali,Denpasar,1870865,9.0,92.0,3.5,95.1,91.0,87.1,Perkotaan,Tinggi
Sulawesi Selatan,Palopo,190789,6.1,86.5,4.2,42.9,76.4,32.0,Perdesaan,Sedang
Banten,Tangerang,1689448,9.4,95.4,11.3,92.4,99.9,52.4,Perkotaan,Tinggi
Nusa Tenggara Timur,Maumere,1900067,7.6,81.5,8.4,67.3,55.2,57.6,Perkotaan,Sedang
DKI Jakarta,Jakarta Selatan,826641,9.2,82.4,6.8,42.8,65.3,138.0,Perdesaan,Sedang
Nusa Tenggara Timur,Ende,1128527,8.5,85.7,9.0,78.2,64.2,64.1,Perkotaan,Tinggi
Banten,Tangerang Selatan,1808195,9.3,94.2,3.2,89.3,88.7,21.3,Perkotaan,Tinggi
Maluku,Tual,1899788,7.9,83.1,10.8,65.3,65.1,49.1,Perkotaan,Sedang
Jawa Tengah,Magelang,1582816,8.6,93.7,5.2,82.6,95.9,72.0,Perkotaan,Tinggi
Jawa Tengah,Solo,2400087,9.8,86.2,3.9,90.9,79.6,75.2,Perkotaan,Tinggi
Sumatera Selatan,Pagar Alam,2767546,12.8,97.4,7.3,84.8,94.3,50.1,Perkotaan,Tinggi
Papua,Merauke,415511,4.0,67.6,5.5,30.0,39.3,5.0,Perdesaan,Rendah
Nusa Tenggara Timur,Kupang,444735,9.8,79.3,8.8,67.7,72.7,45.2,Perkotaan,Sedang
Bali,Singaraja,204525,6.4,86.1,8.6,49.3,78.7,37.0,Perdesaan,Sedang
Nusa Tenggara Barat,Praya,466983,5.4,62.4,8.8,65.6,68.4,28.7,Perdesaan,Sedang
Sumatera Selatan,Lubuklinggau,574966,8.7,76.2,2.4,60.8,51.1,51.2,Perdesaan,Sedang
Nusa Tenggara Timur,Kupang,2701707,8.7,76.6,11.6,83.0,82.3,46.4,Perkotaan,Sedang
Banten,Tangerang,565609,7.1,78.0,3.0,43.5,57.7,14.9,Perdesaan,Sedang
Jawa Tengah,Solo,863429,10.3,95.6,8.6,81.5,92.0,43.2,Perkotaan,Tinggi
DKI Jakarta,Jakarta Selatan,1104823,7.3,90.9,1.1,70.6,53.6,101.6,Perdesaan,Tinggi
Jawa Tengah,Semarang,1884308,10.4,93.5,7.8,86.4,76.5,58.1,Perkotaan,Tinggi
DKI Jakarta,Jakarta Utara,330310,9.7,82.9,7.7,94.8,92.0,111.3,Perkotaan,Tinggi
Kalimantan Timur,Balikpapan,546219,6.6,69.8,2.0,68.0,61.2,45.9,Perdesaan,Sedang
Jawa Timur,Kediri,446818,4.0,67.5,7.2,42.0,81.2,35.6,Perdesaan,Rendah
Sumatera Selatan,Prabumulih,815457,10.8,88.4,4.6,67.6,82.5,75.4,Perkotaan,Tinggi
Nusa Tenggara Barat,Bima,1088256,12.1,92.2,8.1,81.9,79.1,24.7,Perkotaan,Tinggi
Papua,Timika,2163555,8.7,88.9,8.7,52.3,64.0,93.6,Perkotaan,Sedang
Kalimantan Barat,Singkawang,783478,8.5,72.5,3.6,61.3,71.0,49.2,Perdesaan,Sedang
Bali,Denpasar,665281,9.3,99.9,1.1,78.9,94.3,73.9,Perkotaan,Tinggi
Jawa Barat,Bogor,302603,6.5,81.7,7.6,49.7,85.0,64.2,Perdesaan,Sedang
DKI Jakarta,Jakarta Selatan,1669443,9.6,72.1,4.4,70.6,48.1,136.3,Perdesaan,Sedang
Jawa Barat,Tasikmalaya,2542037,8.8,86.8,6.6,76.4,91.7,80.8,Perkotaan,Tinggi
Kalimantan Barat,Pontianak,445323,8.6,72.7,3.4,40.6,69.6,5.0,Perdesaan,Sedang
Sumatera Selatan,Prabumulih,785238,9.8,94.8,4.2,96.3,97.2,99.2,Perkotaan,Tinggi
Bali,Tabanan,1614378,11.9,89.8,6.9,85.0,74.9,46.4,Perkotaan,Tinggi
Sumatera Selatan,Lubuklinggau,762299,7.2,76.7,2.3,43.5,65.9,36.3,Perdesaan,Sedang
Maluku,Tual,1544968,9.4,76.0,5.7,73.7,82.2,78.5,Perkotaan,Tinggi
Papua,Timika,1642761,6.8,99.0,15.1,93.8,72.5,33.0,Perkotaan,Tinggi
Maluku,Ambon,1880030,11.1,86.0,11.3,83.0,85.8,16.9,Perkotaan,Tinggi
Jawa Timur,Mojokerto,237716,8.0,70.4,2.6,72.5,69.0,30.4,Perdesaan,Sedang
DKI Jakarta,Jakarta Pusat,2071831,9.0,75.6,6.1,83.1,83.6,127.2,Perkotaan,Tinggi
Nusa Tenggara Timur,Kupang,624630,4.4,70.0,7.0,30.0,55.3,5.2,Perdesaan,Rendah
Nusa Tenggara Timur,Ende,986584,7.1,79.0,3.7,72.3,78.6,90.0,Perkotaan,Sedang
Jawa Timur,Mojokerto,429821,6.2,70.2,1.0,30.0,76.8,64.4,Perdesaan,Sedang
Sumatera Selatan,Prabumulih,150713,5.5,83.4,5.2,53.3,57.8,33.7,Perdesaan,Sedang
Sumatera Selatan,Prabumulih,473618,6.5,81.0,2.3,60.1,60.9,29.8,Perdesaan,Sedang
Nusa Tenggara Timur,Ende,753317,4.0,59.3,9.4,30.0,48.2,28.1,Perdesaan,Rendah
Sumatera Utara,Medan,646604,11.5,98.0,7.5,81.1,69.8,24.3,Perkotaan,Tinggi
Sulawesi Selatan,Parepare,149146,6.8,74.4,1.0,56.4,55.5,42.9,Perdesaan,Sedang
Jawa Barat,Depok,2554484,11.1,99.9,9.2,86.6,75.8,46.7,Perkotaan,Tinggi
Sulawesi Selatan,Makassar,2752499,7.3,89.3,3.6,71.4,93.1,83.3,Perkotaan,Tinggi
Jawa Barat,Bekasi,778986,7.3,84.9,4.4,50.1,68.8,42.4,Perdesaan,Sedang
Jawa Tengah,Semarang,446822,10.7,93.6,4.0,99.9,99.9,103.4,Perkotaan,Tinggi
Nusa Tenggara Barat,Mataram,493635,11.7,89.6,6.8,70.6,80.1,63.9,Perkotaan,Tinggi
Nusa Tenggara Timur,Ende,1776886,7.1,77.6,7.6,56.4,77.1,56.5,Perkotaan,Sedang
Jawa Tengah,Magelang,275667,8.5,75.8,4.5,64.2,72.7,50.1,Perdesaan,Sedang
Jawa Barat,Cimahi,1901311,9.5,89.1,1.0,91.6,81.5,12.5,Perkotaan,Tinggi
Jawa Tengah,Tegal,2940600,9.5,72.4,5.5,78.8,81.9,76.1,Perkotaan,Tinggi
Maluku,Masohi,490073,5.6,63.3,7.6,30.5,55.9,16.8,Perdesaan,Rendah
Banten,Tangerang,2600025,8.9,95.0,10.6,96.6,90.8,43.9,Perkotaan,Tinggi
Papua,Jayapura,710818,5.7,93.0,8.1,73.3,79.4,49.4,Perkotaan,Sedang
Nusa Tenggara Timur,Ende,2353609,9.6,85.1,7.2,66.4,74.5,64.1,Perkotaan,Tinggi
DKI Jakarta,Jakarta Selatan,1933947,12.1,99.9,4.1,77.1,74.3,116.8,Perkotaan,Tinggi
Sumatera Selatan,Pagar Alam,1386580,11.8,92.4,6.7,89.3,80.6,77.5,Perkotaan,Tinggi
DKI Jakarta,Jakarta Barat,1344849,6.8,72.4,1.4,65.8,59.5,147.9,Perdesaan,Sedang
Banten,Serang,595883,9.4,73.6,4.8,47.1,77.2,6.6,Perdesaan,Sedang
Sumatera Selatan,Lubuklinggau,715506,8.6,82.6,5.4,53.0,77.3,43.7,Perdesaan,Sedang
Kalimantan Timur,Balikpapan,61214,8.0,76.5,1.0,54.1,55.5,37.3,Perdesaan,Sedang
Nusa Tenggara Barat,Praya,475167,7.5,78.3,4.1,53.9,56.2,43.4,Perdesaan,Sedang
Sumatera Utara,Binjai,743291,9.2,74.6,6.2,46.6,56.5,22.0,Perdesaan,Sedang
Jawa Tengah,Kudus,598946,7.3,75.9,3.1,59.0,63.4,38.9,Perdesaan,Sedang
Sulawesi Selatan,Parepare,774935,8.8,99.7,8.4,68.0,94.2,42.1,Perkotaan,Tinggi
Sulawesi Selatan,Parepare,309371,9.9,84.2,6.4,93.3,99.9,43.3,Perkotaan,Tinggi
Maluku,Ambon,697756,5.3,66.3,9.8,40.4,48.9,21.2,Perdesaan,Rendah
Sumatera Utara,Binjai,337177,11.4,96.2,8.6,91.1,92.3,63.5,Perkotaan,Tinggi
Sulawesi Selatan,Makassar,1349141,10.2,98.0,5.2,95.1,96.0,88.3,Perkotaan,Tinggi
Jawa Barat,Bogor,510698,7.2,82.8,1.8,58.8,68.7,27.7,Perdesaan,Sedang
Jawa Timur,Kediri,1954845,8.8,94.6,9.6,87.9,99.9,38.8,Perkotaan,Tinggi
Banten,Tangerang,2607385,7.7,92.3,8.9,97.0,91.5,35.2,Perkotaan,Tinggi
Nusa Tenggara Timur,Maumere,457737,7.6,79.1,7.3,35.0,49.3,19.0,Perdesaan,Sedang
Nusa Tenggara Barat,Mataram,1735043,8.2,95.5,8.9,85.6,89.3,63.1,Perkotaan,Tinggi
Sumatera Selatan,Prabumulih,586073,7.0,82.5,5.5,60.2,61.4,13.8,Perdesaan,Sedang
Sumatera Selatan,Prabumulih,732285,9.5,85.2,9.3,99.9,80.5,39.6,Perkotaan,Tinggi
Jawa Timur,Surabaya,460920,9.9,95.9,6.3,86.5,95.0,93.0,Perkotaan,Tinggi
Sumatera Selatan,Pagar Alam,2956294,11.1,91.5,5.2,86.6,87.7,57.9,Perkotaan,Tinggi
Jawa Barat,Depok,1772303,9.7,87.6,7.3,81.1,99.9,55.1,Perkotaan,Tinggi
Sumatera Utara,Binjai,1475073,10.6,90.5,8.4,99.9,85.5,67.9,Perkotaan,Tinggi
Jawa Barat,Tasikmalaya,2614283,10.1,88.9,3.1,99.0,89.5,28.4,Perkotaan,Tinggi
Bali,Tabanan,1457405,10.4,97.7,7.0,81.6,89.8,44.9,Perkotaan,Tinggi
Bali,Gianyar,2169694,10.5,90.9,3.8,82.4,86.3,5.0,Perkotaan,Tinggi
Jawa Timur,Madiun,95939,7.6,82.5,2.7,34.5,65.9,6.0,Perdesaan,Sedang
Kalimantan Timur,Balikpapan,520267,6.0,75.8,1.4,59.5,45.5,29.5,Perdesaan,Sedang
Papua,Jayapura,1449862,8.2,79.0,12.1,73.6,78.4,25.4,Perkotaan,Sedang
Nusa Tenggara Timur,Ende,2533340,11.2,70.3,11.1,84.4,64.6,78.1,Perkotaan,Tinggi
Sumatera Selatan,Lubuklinggau,315101,10.6,95.6,4.3,65.6,92.2,33.7,Perkotaan,Tinggi
Nusa Tenggara Timur,Maumere,1572594,9.3,78.0,8.9,75.0,76.6,79.4,Perkotaan,Tinggi
Banten,Tangerang,341248,7.6,75.9,4.9,41.1,65.1,62.9,Perdesaan,Sedang
Kalimantan Timur,Samarinda,1757360,7.3,80.1,3.3,99.9,94.7,44.6,Perkotaan,Tinggi
Jawa Tengah,Pekalongan,359220,6.3,79.8,5.9,37.9,69.0,73.2,Perdesaan,Sedang
Jawa Tengah,Magelang,613492,4.8,67.9,7.1,50.1,62.9,12.4,Perdesaan,Rendah
Nusa Tenggara Barat,Bima,715117,5.7,75.5,1.9,58.1,68.2,55.3,Perdesaan,Sedang
Maluku,Tual,1271917,8.3,75.7,10.7,79.2,66.1,55.6,Perkotaan,Sedang
Maluku,Ambon,2357383,9.4,80.7,8.6,78.4,86.1,30.6,Perkotaan,Tinggi
Nusa Tenggara Barat,Praya,901976,11.0,94.0,11.6,70.7,97.9,69.4,Perkotaan,Tinggi
Nusa Tenggara Timur,Kupang,446230,4.5,69.9,11.7,41.6,53.9,16.5,Perdesaan,Rendah
Papua,Jayapura,2931440,6.3,75.8,13.4,71.0,60.7,45.3,Perkotaan,Sedang
Maluku,Masohi,883973,6.6,82.9,7.6,72.0,72.7,65.1,Perkotaan,Sedang
DKI Jakarta,Jakarta Pusat,2931866,7.2,77.7,7.0,66.5,78.3,155.1,Perdesaan,Tinggi
Sumatera Selatan,Prabumulih,1240835,11.6,93.0,8.2,96.7,92.5,95.6,Perkotaan,Tinggi
Sumatera Selatan,Palembang,761942,10.6,99.9,5.8,88.9,86.2,71.4,Perkotaan,Tinggi
Kalimantan Barat,Pontianak,683870,7.4,83.2,3.2,60.4,49.9,49.4,Perdesaan,Sedang
Nusa Tenggara Barat,Bima,350947,6.1,80.3,7.2,47.6,78.3,23.8,Perdesaan,Sedang
Nusa Tenggara Timur,Kupang,205863,5.1,64.7,8.6,48.7,56.4,5.0,Perdesaan,Rendah
Maluku,Ambon,2092868,9.7,80.8,15.8,87.4,78.3,72.9,Perkotaan,Tinggi
Sumatera Utara,Pematangsiantar,2036208,8.3,86.9,9.9,99.9,96.9,45.7,Perkotaan,Tinggi
Kalimantan Timur,Balikpapan,2366120,7.3,89.7,3.5,93.7,80.7,67.4,Perkotaan,Tinggi
Nusa Tenggara Timur,Maumere,665953,8.5,82.5,9.5,69.9,56.2,37.0,Perkotaan,Sedang
Kalimantan Barat,Pontianak,1765269,8.1,99.9,6.2,79.6,75.3,64.4,Perkotaan,Tinggi
Kalimantan Timur,Balikpapan,1241986,10.8,93.1,9.8,81.3,88.7,58.2,Perkotaan,Tinggi
Sumatera Selatan,Lubuklinggau,744637,9.7,90.0,8.6,67.8,97.5,58.6,Perkotaan,Tinggi
Jawa Barat,Bekasi,2687327,10.8,86.6,6.3,73.8,96.2,73.9,Perkotaan,Tinggi
Banten,Tangerang Selatan,1714893,8.0,95.0,7.2,85.4,99.9,65.6,Perkotaan,Tinggi
Bali,Gianyar,345581,8.7,95.8,8.6,81.5,88.5,40.0,Perkotaan,Tinggi
Bali,Tabanan,494250,7.6,76.0,6.0,60.3,77.6,27.5,Perdesaan,Sedang
Sumatera Selatan,Palembang,1070467,11.8,77.3,5.2,82.5,86.8,33.7,Perkotaan,Tinggi
Nusa Tenggara Barat,Praya,1895807,11.4,99.9,5.0,79.8,92.5,60.1,Perkotaan,Tinggi
Bali,Tabanan,1483661,10.4,94.4,6.1,86.4,94.4,48.1,Perkotaan,Tinggi
Jawa Timur,Mojokerto,302009,6.0,94.3,1.0,49.9,65.6,30.6,Perdesaan,Sedang
Sumatera Utara,Medan,58890,9.0,76.8,6.8,52.0,61.9,48.7,Perdesaan,Sedang
Sumatera Utara,Binjai,152110,4.9,89.1,1.0,54.7,65.3,31.8,Perdesaan,Sedang
Papua,Merauke,456901,8.3,85.3,3.9,74.8,85.6,72.6,Perkotaan,Tinggi
Kalimantan Barat,Pontianak,735999,8.0,85.4,6.9,54.5,75.9,34.0,Perdesaan,Sedang
Kalimantan Timur,Balikpapan,850282,9.2,96.8,7.6,76.6,99.9,33.1,Perkotaan,Tinggi
Sumatera Selatan,Prabumulih,2860149,7.0,82.6,1.0,71.9,91.1,57.0,Perkotaan,Sedang
Papua,Merauke,665607,6.8,82.0,10.0,77.3,84.5,65.9,Perkotaan,Sedang
